Workbook

Sheet US
A1: . | B1: æ | C1: Navn | D1: E-post | E1: Telefon | F1: Ønsket dato og tid for time | G1: Tannbleking? | H1: Status | I1: Antall kontaktpunkt | J1: Kommentar | K1: Leave this blank | L1: Source | M1: Ad Name | N1: Ad ID | O1: Label | P1: Count | Q1: gclid | R1: gbraid | S1: wbraid | U1: hashed_email | V1: timestamp | W1: fclid | X1: http refferrer | Y1: permalink url | Z1: post url | AA1: meta age range | AB1: meta gender | AC1: meta placement | AD1: meta device | AE1: meta ad format | AF1: google keyword | AG1: google device | AH1: google location | AI1: google network | AJ1: google placement | AK1: g ad group name | AL1: g creative id | AM1: OCT Uploaded | AN1: Conversion Value
A2: 46204 | B2: 21:02 | C2: ahmed | D2: ahmedmulla99@hotmail.com | E2: 41504225 | F2: August | H2: Ikke fått kontakt | I2: #1
A3: 46205 | B3: 00:06 | C3: Simon Solhem | D3: sfsolheim@gmail.com | E3: 98604319 | F3: Fredag 3. juli kl. 14-15 eller uke 31 | G3: Nei | H3: Booket til time | I3: #1
A4: 46205 | B4: 08:09 | C4: Susana P M Pinto | D4: suepinto@outlook.com | E4: 4794494310 | F4: Mandag 6.juli kl 9.00 | H4: Booket til time | I4: #1
A5: 46205 | B5: 12:01 | C5: Awa Sosseh | D5: yorbeh@gmail.com | E5: 462 24 758 | H5: Booket til time | I5: #1
A6: 46205 | B6: 16:49 | C6: Johan Norin | D6: johan.norin@hotmail.com | E6: 48344774 | F6: Tirdag 9 juli på morgonen | H6: Booket til time | I6: #1
A7: 46205 | B7: 18:30 | C7: Daray | D7: darayahmed@hotmail.com | E7: 97974415 | F7: Juni kl 21 | G7: Ja | H7: Ikke fått kontakt | I7: #1
A8: 46206 | B8: 00:33 | C8: Hai Ng | D8: balong_74@hotmail.com | E8: 40625721 | F8: Fredag 03.07.2026 | G8: Nei | H8: Booket til time | I8: #3
A9: 46206 | B9: 22:58 | C9: Fabian Castro | D9: fcastro989@yahoo.com | E9: 45487870 | F9: Torsdag 14:00 | G9: Usikker | H9: Booket til time | I9: #1
A10: 46207 | B10: 17:36 | C10: Jeanett | D10: bjerkejeanettproff@gmail.com | E10: 90595758 | F10: 15 juli | G10: Nei | H10: Booket til time | I10: #1
A11: 46209 | B11: 22:39 | C11: Waleed Abdullah Elmi Abtidon | D11: waleedabdala@hotmail.com | E11: 90219662 | F11: Mandag 13.juli mellom 10-16 | G11: Nei | H11: Booket til time | I11: #3
A12: 46210 | B12: 15:58 | C12: Nina Gundersen | D12: nina@fjellbo.net | E12: 4792622622 | F12: Fredag kl. 10.00 | H12: Ikke interessert | I12: #1 | J12: Har benyttet seg av tidligere
A13: 46210 | B13: 18:21 | C13: Aina Johansen | D13: ainajohansen@hotmail.com | E13: 91394608 | G13: Nei | H13: Booket til time | I13: #1
A14: 46211 | B14: 13:43 | C14: Steffan Satkunananthan | D14: steffan-sivaji@hotmail.com | E14: 96202446 | F14: Torsdag 9.juli. Tid: Når som helst | G14: Usikker | H14: Booket til time | I14: #1
A15: 46212 | B15: 16:42 | C15: Gilbert Catana | D15: gilcat3000@yahoo.no | E15: 97711967 | F15: 22 juli | G15: Ja | H15: Booket til time | I15: #1
A16: 46212 | B16: 19:32 | C16: Mohammad Hussein | D16: momi89@hotmail.com | E16: 99874462 | F16: tirdag kl. 14:00 | G16: Ja | H16: Ikke fått kontakt | I16: #2
A17: 46213 | B17: 04:41 | C17: Shiva Mohammadi | D17: shiva.1998@hotmail.com | E17: 47383951 | F17: Fredag 11. Juli etter kl 12 | G17: Usikker | H17: Ikke interessert | I17: #2
A18: 46213 | B18: 12:28 | C18: Vinnie Huser | D18: vinniehuser@hotmail.com | E18: 45030656 | F18: 21. juli ca kl 12 | G18: Usikker | H18: Booket til time | I18: #1
A19: 46213 | B19: 16:21 | C19: Sami Mohamed Abdi | D19: sabdi8514@gmail.com | E19: 48625157 | F19: Mandag 13. Juli kl 13:45 | G19: Usikker | H19: Ikke fått kontakt | I19: #2
A20: 46214 | B20: 20:04 | C20: Vaida Timinskaite | D20: vatimin@gmail.com | E20: 40053755 | G20: Nei | H20: Booket til time | I20: #1
G21: =IF(NOT(ISERROR(MATCH(D21,'Tannbleking - Oppsalg US'!D:D, 0))), "Ja", "")
G22: =IF(NOT(ISERROR(MATCH(D22,'Tannbleking - Oppsalg US'!D:D, 0))), "Ja", "")
G23: =IF(NOT(ISERROR(MATCH(D23,'Tannbleking - Oppsalg US'!D:D, 0))), "Ja", "")
G24: =IF(NOT(ISERROR(MATCH(D24,'Tannbleking - Oppsalg US'!D:D, 0))), "Ja", "")
G25: =IF(NOT(ISERROR(MATCH(D25,'Tannbleking - Oppsalg US'!D:D, 0))), "Ja", "")
G26: =IF(NOT(ISERROR(MATCH(D26,'Tannbleking - Oppsalg US'!D:D, 0))), "Ja", "")
G27: =IF(NOT(ISERROR(MATCH(D27,'Tannbleking - Oppsalg US'!D:D, 0))), "Ja", "")
G28: =IF(NOT(ISERROR(MATCH(D28,'Tannbleking - Oppsalg US'!D:D, 0))), "Ja", "")
G29: =IF(NOT(ISERROR(MATCH(D29,'Tannbleking - Oppsalg US'!D:D, 0))), "Ja", "")
G30: =IF(NOT(ISERROR(MATCH(D30,'Tannbleking - Oppsalg US'!D:D, 0))), "Ja", "")
G31: =IF(NOT(ISERROR(MATCH(D31,'Tannbleking - Oppsalg US'!D:D, 0))), "Ja", "")
G32: =IF(NOT(ISERROR(MATCH(D32,'Tannbleking - Oppsalg US'!D:D, 0))), "Ja", "")
... G134: =IF(NOT(ISERROR(MATCH(D134,'Tannbleking - Oppsalg US'!D:D, 0))), "Ja", "")

Sheet Historisk data
A1: 45931 | B1: 05:47 | C1: Zere Abraha Hiyabu | D1: zhiyabu@gmail.com | E1: 4748354835 | F1: onsdag 01.10.25 | G1: =IF(NOT(ISERROR(MATCH(D1,'Tannbleking - Oppsalg US'!D:D, 0))), "Ja", "") -> Ja | H1: Booket til time | I1: #1 | J1: Ønsker ikke bleking | L1: meta | M1: CV2010 | N1: 6843762966937 | O1: =TEXT(A1, "dd/mm/yyyy") -> 01/10/2025 | P1: =COUNTIFS(L:L,"meta",A:A,">="&DATE(2025,1,1),A:A,"<"&DATE(2026,1,1))+COUNTIFS(L:L,"ig",A:A,">="&DATE(2025,1,1),A:A,"<"&DATE(2026,1,1))+COUNTIFS(L:L,"fb",A:A,">="&DATE(2025,1,1),A:A,"<"&DATE(2026,1,1)) -> #ERROR! | U1: 10204b9133fdf0919149fb4ad082c5f6014f66394f5c7529498d4b9df5786bcc | V1: 2025-10-01T03:47:02+00:00 | X1: {post_referrer} | Y1: https://tannskjema.no | Z1: https://tannskjema.no/groruddalen-tannlegesenter | AC1: Facebook_Mobile_Feed
A2: 45931 | B2: 06:26 | C2: Malyun Mume | D2: saboontu88@hotmail.com | E2: 4747467165 | F2: 01.10.25 | G2: =IF(NOT(ISERROR(MATCH(D2,'Tannbleking - Oppsalg US'!D:D, 0))), "Ja", "") -> Ja | H2: Ikke fått kontakt | I2: #4 | J2: Nr er ikke i bruk | L2: meta | M2: CV2010 | N2: 6843762966937 | O2: =TEXT(A2, "dd/mm/yyyy") -> 01/10/2025 | P2: =COUNTIFS(L:L,"meta",H:H,"Booket til time",A:A,">="&DATE(2025,1,1),A:A,"<"&DATE(2026,1,1))+COUNTIFS(L:L,"ig",H:H,"Booket til time",A:A,">="&DATE(2025,1,1),A:A,"<"&DATE(2026,1,1))+COUNTIFS(L:L,"fb",H:H,"Booket til time",A:A,">="&DATE(2025,1,1),A:A,"<"&DATE(2026,1,1)) -> #ERROR! | U2: fbe909a6de5153e0bb9ca9b4fbfb0cc667b799ecf4210e24673ef49aa4b276fa | V2: 2025-10-01T04:26:16+00:00 | X2: {post_referrer} | Y2: https://tannskjema.no | Z2: https://tannskjema.no/groruddalen-tannlegesenter | AC2: Facebook_Mobile_Reels
A3: 45931 | B3: 06:46 | C3: Luiza Magdalena Przymenska | D3: lizetka@poczta.fm | E3: 4790976539 | F3: 07.10.2025 | G3: =IF(NOT(ISERROR(MATCH(D3,'Tannbleking - Oppsalg US'!D:D, 0))), "Ja", "") | H3: Booket til time | I3: #1 | L3: meta | M3: CV2010 | N3: 6843762966937 | O3: =TEXT(A3, "dd/mm/yyyy") -> 01/10/2025 | P3: =COUNTIFS(L:L,"meta",A:A,">="&DATE(2026,1,1),A:A,"<"&DATE(2026,4,1))+COUNTIFS(L:L,"ig",A:A,">="&DATE(2026,1,1),A:A,"<"&DATE(2026,4,1))+COUNTIFS(L:L,"fb",A:A,">="&DATE(2026,1,1),A:A,"<"&DATE(2026,4,1)) -> #ERROR! | U3: 74823fe411dee222006a4f5a9010cb0d66756060bbb1285402a874a9ae58f395 | V3: 2025-10-01T04:46:42+00:00 | X3: {post_referrer} | Y3: https://tannskjema.no | Z3: https://tannskjema.no/groruddalen-tannlegesenter | AC3: Facebook_Stories
A4: 45931 | B4: 07:07 | C4: Maybel Sisor | D4: may_lan26@yahoo.com | E4: 4745225235 | F4: 1.oktober | G4: =IF(NOT(ISERROR(MATCH(D4,'Tannbleking - Oppsalg US'!D:D, 0))), "Ja", "") | H4: Booket til time | I4: #1 | L4: meta | M4: CV2010 | N4: 6843762966937 | O4: =TEXT(A4, "dd/mm/yyyy") -> 01/10/2025 | P4: =COUNTIFS(L:L,"meta",H:H,"Booket til time",A:A,">="&DATE(2026,1,1),A:A,"<"&DATE(2026,4,1))+COUNTIFS(L:L,"ig",H:H,"Booket til time",A:A,">="&DATE(2026,1,1),A:A,"<"&DATE(2026,4,1))+COUNTIFS(L:L,"fb",H:H,"Booket til time",A:A,">="&DATE(2026,1,1),A:A,"<"&DATE(2026,4,1)) -> #ERROR! | T4: f4c6c39e6a9eff8dbc4c310c7d8e68d801385da58274f7711f2218a7c1569687 | U4: 229b8f66fb55a5edaf99ba63f409b65283bf4e50f4c8bcac5f4319582f82cd60 | V4: 2025-10-01T05:07:27+00:00 | X4: {post_referrer} | Y4: https://tannskjema.no | Z4: https://tannskjema.no/groruddalen-tannlegesenter | AC4: Facebook_Mobile_Feed
A5: 45931 | B5: 07:13 | C5: James Nguyen | D5: jamescong3@hotmail.com | E5: 4747335950 | F5: 07.10.2025 eller 09.10.2025 | G5: =IF(NOT(ISERROR(MATCH(D5,'Tannbleking - Oppsalg US'!D:D, 0))), "Ja", "") | H5: Ikke interessert | I5: #3 | J5: Telefonsvarer, fått kontakt men ønsker ikke likevel, vil dra til lillestrøm tannlege | L5: meta | M5: CV2010 | N5: 6843762966937 | O5: =TEXT(A5, "dd/mm/yyyy") -> 01/10/2025 | P5: =TO_UNIX_TIMESTAMP_DMY_HM(O5, B5) -> 1759302780 | T5: 40867c3899105e31b4193a6ac73feab8d518b579d09cc6998ad8698516ee4535 | U5: aeed86e644ed101dcbf0e21cf721e894aeb1961066f9fc3f5da9e40ac3b89bb2 | V5: 2025-10-01T05:13:29+00:00 | X5: {post_referrer} | Y5: https://tannskjema.no | Z5: https://tannskjema.no/groruddalen-tannlegesenter | AC5: Facebook_Mobile_Feed
A6: 45932 | B6: 08:06 | C6: Claudio Solano Josefina | D6: josefina-solano@hitmail.com | E6: 4798448385 | F6: 14.10.25 | G6: =IF(NOT(ISERROR(MATCH(D6,'Tannbleking - Oppsalg US'!D:D, 0))), "Ja", "") | H6: Booket til time | I6: #1 | L6: meta | M6: CV2010 | N6: 6843762966937 | O6: =TEXT(A6, "dd/mm/yyyy") -> 02/10/2025 | P6: =TO_UNIX_TIMESTAMP_DMY_HM(O6, B6) -> 1759392360 | T6: 3e9f39b15150d71f0ca07ef0671ea78d325467a788d9e6d8f291fb7018c8a8bc | U6: 0a7595682192f46d2d5922f24e5f506a8f556dcbbbb201222526ed75d3373282 | V6: 2025-10-02T06:06:27+00:00 | X6: {post_referrer} | Y6: https://tannskjema.no | Z6: https://tannskjema.no/groruddalen-tannlegesenter | AC6: Facebook_Mobile_Reels
A7: 45932 | B7: 08:47 | C7: Dipak Shrestha | D7: just.dipak123@gmail.com | E7: 4746261486 | F7: Ja idag | G7: =IF(NOT(ISERROR(MATCH(D7,'Tannbleking - Oppsalg US'!D:D, 0))), "Ja", "") | H7: Booket til time | I7: #1 | L7: meta | M7: CV9802 | N7: 6843815997337 | O7: =TEXT(A7, "dd/mm/yyyy") -> 02/10/2025 | P7: =TO_UNIX_TIMESTAMP_DMY_HM(O7, B7) -> 1759394820 | T7: 9c74615fae98eedd34e251256ffc3799ef3095519f25d953d8d98c079d1abc3c | U7: 13c91de035e87d9623b6ffcd1c2afcf2dddc39d84cf56314ffc703512cdc45b8 | V7: 2025-10-02T06:47:23+00:00 | X7: {post_referrer} | Y7: https://tannskjema.no | Z7: https://tannskjema.no/groruddalen-tannlegesenter | AC7: Facebook_Mobile_Feed
A8: 45932 | B8: 08:53 | C8: Mirtha Ledy De León Núñez | D8: kattydeleon25@gmail.com | E8: 4741069170 | F8: 18.1 | G8: =IF(NOT(ISERROR(MATCH(D8,'Tannbleking - Oppsalg US'!D:D, 0))), "Ja", "") | H8: Booket til time | I8: #1 | L8: meta | M8: CV2010 | N8: 6843762966937 | O8: =TEXT(A8, "dd/mm/yyyy") -> 02/10/2025 | P8: =TO_UNIX_TIMESTAMP_DMY_HM(O8, B8) -> 1759395180 | T8: 7232be2f02ab55f140cc40f412686339659d8c375f0ae29c6f32ef050a3ae044 | U8: 26e8e64e9e6d30cd9df91a2eba7862286bd422694ddcb1d935975dd1f82e6813 | V8: 2025-10-02T06:53:07+00:00 | X8: {post_referrer} | Y8: https://tannskjema.no | Z8: https://tannskjema.no/groruddalen-tannlegesenter | AC8: Facebook_Mobile_Reels
A9: 45932 | B9: 08:54 | C9: Randy Calapini Raynon | D9: pok.pok_ako08@yahoo.com | E9: 4741358698 | F9: 07.10.2025 | G9: =IF(NOT(ISERROR(MATCH(D9,'Tannbleking - Oppsalg US'!D:D, 0))), "Ja", "") | H9: Booket til time | I9: #3 | J9: Telefonsvarer - Ringer, men ingen svar | L9: meta | M9: CV2010 | N9: 6843762966937 | O9: =TEXT(A9, "dd/mm/yyyy") -> 02/10/2025 | P9: =TO_UNIX_TIMESTAMP_DMY_HM(O9, B9) -> 1759395240 | T9: 173657510a54f01b219918479b9ac6a3e50c44a33d384a898647a63d14394776 | U9: 37d96664ef0248a653e1e08c9e3f5f26c2544db423a0b63ea03c4c8ffdf07568 | V9: 2025-10-02T06:54:05+00:00 | X9: {post_referrer} | Y9: https://tannskjema.no | Z9: https://tannskjema.no/groruddalen-tannlegesenter | AC9: Facebook_Mobile_Feed
A10: 45932 | B10: 11:34 | C10: Sana Balal | D10: sanabalal24@gmail.com | E10: 4746726180 | F10: Neste uke mellom 10 og 12 på dagen | G10: =IF(NOT(ISERROR(MATCH(D10,'Tannbleking - Oppsalg US'!D:D, 0))), "Ja", "") | H10: Booket til time | I10: #1 | L10: meta | M10: CV2010 | N10: 6843762966937 | O10: =TEXT(A10, "dd/mm/yyyy") -> 02/10/2025 | P10: =TO_UNIX_TIMESTAMP_DMY_HM(O10, B10) -> 1759404840 | T10: 669bf853f69a6227ab158b7addec0099313e90e221dbc03ebf6bfe48c34e04ae | U10: 9fe1c69066345b75af26e0ed86ca90d8b59b9568b4ad37797747a4628a686f67 | V10: 2025-10-02T09:34:05+00:00 | X10: {post_referrer} | Y10: https://tannskjema.no | Z10: https://tannskjema.no/groruddalen-tannlegesenter | AC10: Facebook_Mobile_Feed
A11: 45933 | B11: 08:27 | C11: Djamel Allam | D11: eddineallam@hotmail.com | E11: 4794213661 | F11: Lørdag kl 12h | G11: =IF(NOT(ISERROR(MATCH(D11,'Tannbleking - Oppsalg US'!D:D, 0))), "Ja", "") | H11: Booket til time | I11: #1 | L11: meta | M11: CV2010 | N11: 6843762966937 | O11: =TEXT(A11, "dd/mm/yyyy") -> 03/10/2025 | P11: =TO_UNIX_TIMESTAMP_DMY_HM(O11, B11) -> 1759480020 | T11: 6147fae89bd011a5b0858903b6f8f2827363f32a3746bfc7f1bbf01b5f50dd51 | U11: 51d78c67682bb926834c4ea912bfb7659624006ca996baefc4bf65413adea2db | V11: 2025-10-03T06:27:08+00:00 | X11: {post_referrer} | Y11: https://tannskjema.no | Z11: https://tannskjema.no/groruddalen-tannlegesenter | AC11: Facebook_Mobile_Feed
A12: 45934 | B12: 01:22 | C12: Kijare | D12: frangu_k@hotmail.com | E12: 4793033441 | F12: 07.10.25 | G12: =IF(NOT(ISERROR(MATCH(D12,'Tannbleking - Oppsalg US'!D:D, 0))), "Ja", "") | H12: Booket til time | I12: #1 | L12: meta | M12: CV2010 | N12: 6843762966937 | O12: =TEXT(A12, "dd/mm/yyyy") -> 04/10/2025 | P12: =TO_UNIX_TIMESTAMP_DMY_HM(O12, B12) -> 1759540920 | T12: 449b2d267c70f56a3b907117c30ed1affb24fb6b9d7ae65f2238a497a1e468af | U12: 1316d76069592906e57a4184152cb93558794817a9f89bfcbcaae2b8a012c867 | V12: 2025-10-03T23:22:25+00:00 | X12: {post_referrer} | Y12: https://tannskjema.no | Z12: https://tannskjema.no/groruddalen-tannlegesenter | AC12: Facebook_Mobile_Reels
A13: 45934 | B13: 06:44 | C13: Titti Bjørk | D13: titti1366@gmail.com | E13: 4.4654161774654E+17 | F13: 19.1 | G13: =IF(NOT(ISERROR(MATCH(D13,'Tannbleking - Oppsalg US'!D:D, 0))), "Ja", "") | H13: Ikke fått kontakt | J13: Nr stemmer ikke, sendt mail venter på svar. | L13: meta | M13: CV2010 | N13: 6843762966937 | O13: =TEXT(A13, "dd/mm/yyyy") -> 04/10/2025 | P13: =TO_UNIX_TIMESTAMP_DMY_HM(O13, B13) -> 1759560240 | T13: b6ff9b901ccde8f154d3c4d250c8b2e66a500df2b17adf500c3c02aaed6218a2 | U13: 0994ee2cda8b4688bb329bc8a2988ffcbc6955294ac3d8b2ec0dede142d2b39f | V13: 2025-10-04T04:44:55+00:00 | X13: {post_referrer} | Y13: https://tannskjema.no | Z13: https://tannskjema.no/groruddalen-tannlegesenter | AC13: Facebook_Mobile_Reels
A14: 45934 | B14: 11:55 | C14: Kristine Møkleby | D14: kristinemokleby@gmail.com | E14: 4793898261 | F14: 9 oktober | G14: =IF(NOT(ISERROR(MATCH(D14,'Tannbleking - Oppsalg US'!D:D, 0))), "Ja", "") | H14: Booket til time | I14: #4 | J14: Tok ikke opp tlf, mobil var avskrudd på forsøk 3. | L14: meta | M14: CV2014 | N14: 6843809343537 | O14: =TEXT(A14, "dd/mm/yyyy") -> 04/10/2025 | P14: =TO_UNIX_TIMESTAMP_DMY_HM(O14, B14) -> 1759578900 | T14: 1604aece86b249182ae76e567fa050135562c38ce2f1f87e682449cf0826f3a4 | U14: d870a174a60d85d7223fb047bc4f64adf3d991ba8a59d0b1e5c18983a2bd6e29 | V14: 2025-10-04T09:55:17+00:00 | X14: {post_referrer} | Y14: https://tannskjema.no | Z14: https://tannskjema.no/groruddalen-tannlegesenter | AC14: Facebook_Mobile_Feed
A15: 45935 | B15: 11:44 | C15: tender lay | D15: tenderlay@yahoo.no | E15: 4745524883 | F15: Lørdag | G15: =IF(NOT(ISERROR(MATCH(D15,'Tannbleking - Oppsalg US'!D:D, 0))), "Ja", "") | H15: Booket til time | I15: #2 | L15: meta | M15: CV2015 | N15: 6843809575737 | O15: =TEXT(A15, "dd/mm/yyyy") -> 05/10/2025 | P15: =TO_UNIX_TIMESTAMP_DMY_HM(O15, B15) -> 1759664640 | T15: 9087880331edb524202c12623f2ca38292c370c01a7bfdca9369221594c936fb | U15: 0b00ceeced404ded4b0b678355dce1cb9d19a10c94bf069712f5d42909070558 | V15: 2025-10-05T09:44:30+00:00 | X15: {post_referrer} | Y15: https://tannskjema.no | Z15: https://tannskjema.no/groruddalen-tannlegesenter | AC15: Facebook_Mobile_Feed
A16: 45936 | B16: 02:26 | C16: Yonas Haylom | D16: adibaro@hotmail.com | E16: 4798079851 | F16: Tirsdag | G16: =IF(NOT(ISERROR(MATCH(D16,'Tannbleking - Oppsalg US'!D:D, 0))), "Ja", "") -> Ja | H16: Ikke interessert | J16: Ringt 06.10.2025 kl 08:35 | L16: meta | M16: CV2015 | N16: 6843809575737 | O16: =TEXT(A16, "dd/mm/yyyy") -> 06/10/2025 | P16: =TO_UNIX_TIMESTAMP_DMY_HM(O16, B16) -> 1759717560 | T16: b326bf18851133c2a0deb8c73f553171ebc4fa805ff67012de1a9d8c46b7be64 | U16: 03f568c9d68679ed15c89c63ff0ca46090d42a4a45a015e3c9abb489de362149 | V16: 2025-10-06T00:26:58+00:00 | X16: {post_referrer} | Y16: https://tannskjema.no | Z16: https://tannskjema.no/groruddalen-tannlegesenter | AC16: Facebook_Mobile_Reels
A17: 45936 | B17: 06:45 | C17: Katherine Lumban | D17: jaykatlumban@yahoo.com | E17: 4741348438 | F17: 13.1 | G17: =IF(NOT(ISERROR(MATCH(D17,'Tannbleking - Oppsalg US'!D:D, 0))), "Ja", "") | H17: Ikke interessert | J17: Ringt 06.10.2025 kl 08:30 | L17: meta | M17: CV2015 | N17: 6843809575737 | O17: =TEXT(A17, "dd/mm/yyyy") -> 06/10/2025 | P17: =TO_UNIX_TIMESTAMP_DMY_HM(O17, B17) -> 1759733100 | T17: 29cea2e9870be91e64854cf15b02ff29bf122a79e3e594e38b08fbea4ba54ba6 | U17: 2123053718293ffcbb5d0f6525222adedf2556e3a7908e804c51df8f80e670e4 | V17: 2025-10-06T04:46:01+00:00 | X17: {post_referrer} | Y17: https://tannskjema.no | Z17: https://tannskjema.no/groruddalen-tannlegesenter | AC17: Facebook_Mobile_Feed
A18: 45936 | B18: 07:56 | C18: Zaghum Abbas | D18: abbaszaghum6@gmail.com | E18: 4740626688 | F18: 7/10/2025/. Time. 17:30 | G18: =IF(NOT(ISERROR(MATCH(D18,'Tannbleking - Oppsalg US'!D:D, 0))), "Ja", "") | H18: Booket til time | L18: meta | M18: CV2015 | N18: 6843809575737 | O18: =TEXT(A18, "dd/mm/yyyy") -> 06/10/2025 | P18: =TO_UNIX_TIMESTAMP_DMY_HM(O18, B18) -> 1759737360 | T18: fbb03b7cda497b17df5853c54a889057c83c2638f8ec7b4d4722e4d17594363e | U18: 66e678b142ec9429e89ef664407a38484dcddcbd107c29686c9e6610e50f3cb5 | V18: 2025-10-06T05:56:19+00:00 | X18: {post_referrer} | Y18: https://tannskjema.no | Z18: https://tannskjema.no/groruddalen-tannlegesenter | AC18: Facebook_Mobile_Reels
A19: 45936 | B19: 13:20 | C19: Jocelyn Aban Ibanez | D19: boss_ibanez@hotmail.com | E19: 4790930895 | F19: 08.oktober.2025 | G19: =IF(NOT(ISERROR(MATCH(D19,'Tannbleking - Oppsalg US'!D:D, 0))), "Ja", "") | H19: Booket til time | L19: meta | M19: CV2015 | N19: 6843809575737 | O19: =TEXT(A19, "dd/mm/yyyy") -> 06/10/2025 | P19: =TO_UNIX_TIMESTAMP_DMY_HM(O19, B19) -> 1759756800 | T19: 23b9cafca9c97a9f3aff2f5108a9634b4eaebc58e089b0d89e87501c2a1040a0 | U19: ddd1bf808779506f476d0d0d6ed156890ae5544b242379dda0daeec2d155f0bd | V19: 2025-10-06T11:20:10+00:00 | X19: {post_referrer} | Y19: https://tannskjema.no | Z19: https://tannskjema.no/groruddalen-tannlegesenter | AC19: Facebook_Mobile_Feed
A20: 45937 | B20: 11:06 | C20: Sugirtha Baskaran | D20: sugirt3003@gmail.com | E20: 4748509122 | F20: 14/16 oktober | G20: =IF(NOT(ISERROR(MATCH(D20,'Tannbleking - Oppsalg US'!D:D, 0))), "Ja", "") | H20: Booket til time | I20: #2 | L20: meta | M20: CV2015 | N20: 6843809575737 | O20: =TEXT(A20, "dd/mm/yyyy") -> 07/10/2025 | P20: =TO_UNIX_TIMESTAMP_DMY_HM(O20, B20) -> 1759835160 | T20: 5ddf661511c15d54d6a04158a6cd1a62c7f5d031769dd4e08b0f279288a30927 | U20: f862a2f3424f83c572b70a2f8e6db6a72f62175b837b108beb499525f240af58 | V20: 2025-10-07T09:06:24+00:00 | X20: {post_referrer} | Y20: https://tannskjema.no | Z20: https://tannskjema.no/groruddalen-tannlegesenter | AC20: Instagram_Reels
A21: 45937 | B21: 21:56 | C21: abdullahi yusif | D21: ayhir@hotmail.com | E21: 4745812733 | F21: 10.1025 | G21: =IF(NOT(ISERROR(MATCH(D21,'Tannbleking - Oppsalg US'!D:D, 0))), "Ja", "") | H21: Booket til time | I21: #2 | O21: =TEXT(A21, "dd/mm/yyyy") -> 07/10/2025 | P21: =TO_UNIX_TIMESTAMP_DMY_HM(O21, B21) -> 1759874160 | T21: b6d61b56b6a080336e01903c6a06395c244f571206fc476536f65b45b6ad95b4 | U21: f7edd8e6347ff6ca660168499f62434b40bf154c611ab05b9e2b41d7fef3d0c6 | V21: 2025-10-07T19:56:31+00:00 | X21: {post_referrer} | Y21: https://tannskjema.no | Z21: https://tannskjema.no/groruddalen-tannlegesenter
A22: 45938 | B22: 06:18 | C22: Samuel Gomes | D22: samuelgomes1984norge@gmail.com | E22: 4745562850 | F22: 10/10/2025 14:30 | G22: =IF(NOT(ISERROR(MATCH(D22,'Tannbleking - Oppsalg US'!D:D, 0))), "Ja", "") | H22: Booket til time | I22: #1 | L22: meta | M22: CV2015 | N22: 6843809575737 | O22: =TEXT(A22, "dd/mm/yyyy") -> 08/10/2025 | P22: =TO_UNIX_TIMESTAMP_DMY_HM(O22, B22) -> 1759904280 | T22: 3f5c96b3a8e66d37f12e1b9407b0088d0e03df3148f4ff3ef25c9b2b924acfd5 | U22: 70dd11c81bd869423d0f8cf4b86e36935f45e2d9215f32338f189ab9e449438e | V22: 2025-10-08T04:18:03+00:00 | X22: {post_referrer} | Y22: https://tannskjema.no | Z22: https://tannskjema.no/groruddalen-tannlegesenter | AC22: Facebook_Mobile_Reels
A23: 45938 | B23: 11:46 | C23: Vezir Veziri | D23: vezir_jajovski@hotmail.com | E23: 90831492 | F23: 14 okt. | G23: =IF(NOT(ISERROR(MATCH(D23,'Tannbleking - Oppsalg US'!D:D, 0))), "Ja", "") | H23: Booket til time | I23: #1 | J23: Pasienten ringte opp selv og satte opp time | L23: meta | M23: CV2016 | N23: 6843810044537 | O23: =TEXT(A23, "dd/mm/yyyy") -> 08/10/2025 | P23: =TO_UNIX_TIMESTAMP_DMY_HM(O23, B23) -> 1759923960 | T23: 4589237f0094fe9ca290b9628effd959add39254ead17b753fbfa79531bd64c8 | U23: eb98084531b9a7a8c770ad282dbe04b41aaa24d50b06f8e0131ec17402606121 | V23: 2025-10-08T09:46:11+00:00 | X23: {post_referrer} | Y23: https://tannskjema.no | Z23: https://tannskjema.no/groruddalen-tannlegesenter | AC23: Facebook_Mobile_Feed
A24: 45938 | B24: 15:29 | C24: Ali Haider | D24: ali.haider.a1@hotmail.com | E24: 4790246467 | F24: 10 oktober kl 12 | G24: =IF(NOT(ISERROR(MATCH(D24,'Tannbleking - Oppsalg US'!D:D, 0))), "Ja", "") | H24: Booket til time | I24: #3 | L24: meta | M24: CV2015 | N24: 6843809575737 | O24: =TEXT(A24, "dd/mm/yyyy") -> 08/10/2025 | P24: =TO_UNIX_TIMESTAMP_DMY_HM(O24, B24) -> 1759937340 | T24: 68c9d3d9cac43cf835d46527b85b3ada7ecc707fc1a4110cdb18ea246769d551 | U24: 83a0f0ff2ccde6739fdff979669da83592e4ffb1d737ee6b371de2bbfbe6dcc0 | V24: 2025-10-08T13:29:49+00:00 | X24: {post_referrer} | Y24: https://tannskjema.no | Z24: https://tannskjema.no/groruddalen-tannlegesenter | AC24: Instagram_Reels
A25: 45939 | B25: 01:59 | C25: Sajjad Ahmad | D25: sajjad.ahmad333@gmail.com | E25: 4791243924 | F25: 13/10 mandag etter kl 13 | G25: =IF(NOT(ISERROR(MATCH(D25,'Tannbleking - Oppsalg US'!D:D, 0))), "Ja", "") | H25: Booket til time | I25: #1 | L25: meta | M25: CV2015 | N25: 6843809575737 | O25: =TEXT(A25, "dd/mm/yyyy") -> 09/10/2025 | P25: =TO_UNIX_TIMESTAMP_DMY_HM(O25, B25) -> 1759975140 | T25: 71a12ce70b298f7f2f012c2844e53148ebc44052963e63342b409babcc7e48b1 | U25: f9b2d0a6b7cf6be8d236fc2b6e9aca178d493e8bb52560e5ee1645fb8782079d | V25: 2025-10-08T23:59:09+00:00 | X25: {post_referrer} | Y25: https://tannskjema.no | Z25: https://tannskjema.no/groruddalen-tannlegesenter | AC25: Facebook_Mobile_Reels
A26: 45939 | B26: 09:41 | C26: Enise Akdeniz | D26: enise.akdeniz@yahoo.com | E26: 4791916543 | F26: Mandager eller torsdager kl 18-19 | G26: =IF(NOT(ISERROR(MATCH(D26,'Tannbleking - Oppsalg US'!D:D, 0))), "Ja", "") | H26: Booket til time | I26: #5 | J26: Sendt mail | L26: meta | M26: CV2015 | N26: 6843809575737 | O26: =TEXT(A26, "dd/mm/yyyy") -> 09/10/2025 | P26: =TO_UNIX_TIMESTAMP_DMY_HM(O26, B26) -> 1760002860 | T26: 0e289ebcd936320574f16b2881d4bf836614a804abe7429bff35dd7a50c031fb | U26: 12052f6660187b1f7f057665021b20978e10051c058636e85ec9caf5d2d49fa4 | V26: 2025-10-09T07:41:43+00:00 | X26: {post_referrer} | Y26: https://tannskjema.no | Z26: https://tannskjema.no/groruddalen-tannlegesenter | AC26: Facebook_Mobile_Feed
A27: 45939 | B27: 10:40 | C27: Mohammed EL Messaouri | D27: moha_el93@hotmail.com | E27: 4798999440 | F27: Uke dager på kvelden eller helg når som helst | G27: =IF(NOT(ISERROR(MATCH(D27,'Tannbleking - Oppsalg US'!D:D, 0))), "Ja", "") | H27: Ikke interessert | I27: #1 | J27: Har bestilt time to ganger, ikke møtt begge gangene. | L27: meta | M27: CV9802 | N27: 6843815997337 | O27: =TEXT(A27, "dd/mm/yyyy") -> 09/10/2025 | P27: =TO_UNIX_TIMESTAMP_DMY_HM(O27, B27) -> 1760006400 | T27: 03a0a62b7d964597ef7783a62b6b711d29bc3530f7076752d24880b853b20fe1 | U27: 8bc74441c6fba8ee57b0b1f2eb807b19019943dc539bc2e7742b8433151e0b40 | V27: 2025-10-09T08:40:29+00:00 | X27: {post_referrer} | Y27: https://tannskjema.no | Z27: https://tannskjema.no/groruddalen-tannlegesenter | AC27: Facebook_Mobile_Feed
A28: 45940 | B28: 00:58 | C28: Razia hashemi | D28: razia.barakatullah@gmail.com | E28: 4794237778 | F28: Ønsker tirsdag 14 oktober | G28: =IF(NOT(ISERROR(MATCH(D28,'Tannbleking - Oppsalg US'!D:D, 0))), "Ja", "") | H28: Booket til time | I28: #4 | L28: meta | M28: CV2015 | N28: 6843809575737 | O28: =TEXT(A28, "dd/mm/yyyy") -> 10/10/2025 | P28: =TO_UNIX_TIMESTAMP_DMY_HM(O28, B28) -> 1760057880 | T28: 29a5a128a9c7a8e2a3ef7a739931700c1a75c3ba45c6b24118baf7b87d35e35e | U28: 97272c75e7d1949d3c43ea1d16dd5af84518c1efa43d09ce800fdba549afe312 | V28: 2025-10-09T22:58:15+00:00 | X28: {post_referrer} | Y28: https://tannskjema.no | Z28: https://tannskjema.no/groruddalen-tannlegesenter | AC28: Facebook_Mobile_Feed
A29: 45940 | B29: 12:40 | C29: Tine Pedersen | D29: tinep86@hotmail.com | E29: 4793680400 | F29: torsdag 16.10.2025 | G29: =IF(NOT(ISERROR(MATCH(D29,'Tannbleking - Oppsalg US'!D:D, 0))), "Ja", "") -> Ja | H29: Ikke interessert | I29: #3 | L29: fb | M29: 6843809575737 | O29: =TEXT(A29, "dd/mm/yyyy") -> 10/10/2025 | P29: =TO_UNIX_TIMESTAMP_DMY_HM(O29, B29) -> 1760100000 | T29: d751e9c126b7d2a7e1497bcf30f3483d2cb53b896a0420157aa23da5769b1f3e | U29: cae54722fd2045b4da071bafa83dc1cd9a4ea61fe42a71a89ac0428078e80dae | V29: 2025-10-10T10:40:19+00:00 | X29: {post_referrer} | Y29: https://tannskjema.no | Z29: https://tannskjema.no/groruddalen-tannlegesenter
A30: 45941 | B30: 15:33 | C30: Hedieh Saidi | D30: hedieh84@icloud.com | E30: 4740673065 | F30: 28 | G30: =IF(NOT(ISERROR(MATCH(D30,'Tannbleking - Oppsalg US'!D:D, 0))), "Ja", "") | H30: Ikke interessert | I30: #1 | J30: Satt opp time og avbestilt | L30: meta | M30: CV2010 | N30: 6843762966937 | O30: =TEXT(A30, "dd/mm/yyyy") -> 11/10/2025 | P30: =TO_UNIX_TIMESTAMP_DMY_HM(O30, B30) -> 1760196780 | T30: 2b85c1e34fa756e7ebc6c1f61597cbd848743eaf3e63304c16fdd76ed875a67e | U30: 10007de4ecb555f0f5b4b094339c5eb3c3f30fb2fc65dd922df8d36dfb0e1615 | V30: 2025-10-11T13:33:50+00:00 | X30: {post_referrer} | Y30: https://tannskjema.no | Z30: https://tannskjema.no/groruddalen-tannlegesenter | AC30: Instagram_Reels
A31: 45941 | B31: 16:36 | C31: Henriette Aud Harriett Bjørke | D31: ahbjor@gmail.com | E31: 4790277934 | F31: Tirsdag | G31: =IF(NOT(ISERROR(MATCH(D31,'Tannbleking - Oppsalg US'!D:D, 0))), "Ja", "") | H31: Ikke interessert | I31: #1 | J31: Ringte og sa hun ikke var interessert likevel | L31: meta | M31: CV2010 | N31: 6843762966937 | O31: =TEXT(A31, "dd/mm/yyyy") -> 11/10/2025 | P31: =TO_UNIX_TIMESTAMP_DMY_HM(O31, B31) -> 1760200560 | T31: fdcb64163cec6356e4713788df2c29e4ee31655bf5b96e8b423438d644eec94b | U31: 89c8aeb05e08a5dbf047f7ea62f1d3e8e12187dfbf07b687164aab74a28b2c07 | V31: 2025-10-11T14:36:10+00:00 | X31: {post_referrer} | Y31: https://tannskjema.no | Z31: https://tannskjema.no/groruddalen-tannlegesenter | AC31: Facebook_Mobile_Reels
A32: 45941 | B32: 20:58 | C32: Rasul Golam | D32: norge_22@icloud.com | E32: 4740474097 | F32: 15.10.25 | G32: =IF(NOT(ISERROR(MATCH(D32,'Tannbleking - Oppsalg US'!D:D, 0))), "Ja", "") | H32: Booket til time | I32: #4 | L32: meta | M32: CV2010 | N32: 6843762966937 | O32: =TEXT(A32, "dd/mm/yyyy") -> 11/10/2025 | P32: =TO_UNIX_TIMESTAMP_DMY_HM(O32, B32) -> 1760216280 | T32: 0038d84b139a83e16e72512471622e5fd2210a1de00770cdd981e4118a41422a | U32: 0cf3c9f81969be630331674f1d8d66da07562fd74d698750298fdd6969f6ea94 | V32: 2025-10-11T18:58:55+00:00 | X32: {post_referrer} | Y32: https://tannskjema.no | Z32: https://tannskjema.no/groruddalen-tannlegesenter | AC32: Facebook_Mobile_Feed
A33: 45942 | B33: 00:43 | C33: Ismail Traore | D33: ismail.traore@barrum.kommune.no | E33: 4799872212 | F33: Lørdag 18.10.25 kl 12 | G33: =IF(NOT(ISERROR(MATCH(D33,'Tannbleking - Oppsalg US'!D:D, 0))), "Ja", "") | H33: Booket til time | I33: #4 | J33: Rett til telefonsvarer, ingen svar på forsøk 3, sier han ringer tilbake på forsø 4 | L33: meta | M33: CV2010 | N33: 6843762966937 | O33: =TEXT(A33, "dd/mm/yyyy") -> 12/10/2025 | P33: =TO_UNIX_TIMESTAMP_DMY_HM(O33, B33) -> 1760229780 | T33: 7e256eebc74c169c2cb203d778d596e46fc6a7ff77d2a050d369a3e467fbec93 | U33: 975529ac4d301ec12820e5dd255c24cd0c2201f8252de157bf2ea095f826548c | V33: 2025-10-11T22:43:49+00:00 | X33: {post_referrer} | Y33: https://tannskjema.no | Z33: https://tannskjema.no/groruddalen-tannlegesenter | AC33: Facebook_Mobile_Feed
A34: 45942 | B34: 02:04 | C34: Nazia Sultana | D34: nsa_83@hotmail.com | E34: 4792604020 | F34: 20 oktober | G34: =IF(NOT(ISERROR(MATCH(D34,'Tannbleking - Oppsalg US'!D:D, 0))), "Ja", "") | H34: Booket til time | I34: #1 | L34: meta | M34: CV2010 | N34: 6843762966937 | O34: =TEXT(A34, "dd/mm/yyyy") -> 12/10/2025 | P34: =TO_UNIX_TIMESTAMP_DMY_HM(O34, B34) -> 1760234640 | T34: 72e4065b7ed8ab427572b80eed796cabc59037920b299cfc655435868c9b5b7a | U34: 67b4a2a4d5bf1f952570eed5042328dd1f1d296b7e4c08e483cfd1d015840dc3 | V34: 2025-10-12T00:04:16+00:00 | X34: {post_referrer} | Y34: https://tannskjema.no | Z34: https://tannskjema.no/groruddalen-tannlegesenter | AC34: Facebook_Mobile_Feed
A35: 45943 | B35: 12:17 | C35: Amer Ali Alam | D35: amer_89@hotmail.no | E35: 4795551755 | F35: Idag? | G35: =IF(NOT(ISERROR(MATCH(D35,'Tannbleking - Oppsalg US'!D:D, 0))), "Ja", "") | H35: Booket til time | I35: #1 | J35: Pasienten ringte inn slev og fikk time | L35: meta | M35: CV2015 | N35: 6843809575737 | O35: =TEXT(A35, "dd/mm/yyyy") -> 13/10/2025 | P35: =TO_UNIX_TIMESTAMP_DMY_HM(O35, B35) -> 1760357820 | T35: 4c641ac42c5e55ea43d8fa7184247d6f4c5173e040d9032e0a62beadba330dc8 | U35: 0ffa1ab66da3fc7744a772969760e476998a4af8a4fbaeec934b9781ed8cbed4 | V35: 2025-10-13T10:17:34+00:00 | X35: {post_referrer} | Y35: https://tannskjema.no | Z35: https://tannskjema.no/groruddalen-tannlegesenter | AC35: Facebook_Mobile_Reels
A36: 45943 | B36: 13:13 | C36: Shaiza Sakhi | D36: shaiza_sakhi91@hotmail.com | E36: 4748510226 | F36: 03.11.2025 | G36: =IF(NOT(ISERROR(MATCH(D36,'Tannbleking - Oppsalg US'!D:D, 0))), "Ja", "") | H36: Booket til time | I36: #2 | L36: meta | M36: CV2015 | N36: 6843809575737 | O36: =TEXT(A36, "dd/mm/yyyy") -> 13/10/2025 | P36: =TO_UNIX_TIMESTAMP_DMY_HM(O36, B36) -> 1760361180 | T36: 33feab9d73450db995481232d8d87112f1454ae1094d950fc930dffcadee4057 | U36: 70ecd6fa1c3b6ca7e45f66d8d2fd3fcea4625301470df6bfc462bc9369f51447 | V36: 2025-10-13T11:13:41+00:00 | X36: {post_referrer} | Y36: https://tannskjema.no | Z36: https://tannskjema.no/groruddalen-tannlegesenter | AC36: Facebook_Mobile_Feed
A37: 45943 | B37: 13:38 | C37: Josefina Claudio Solano | D37: josefina-solano@hotmail.com | E37: 4798448385 | F37: 14.10/2025 | G37: =IF(NOT(ISERROR(MATCH(D37,'Tannbleking - Oppsalg US'!D:D, 0))), "Ja", "") | H37: Ikke interessert | J37: Har vært hos tannlegen | L37: meta | M37: CV2010 | N37: 6843762966937 | O37: =TEXT(A37, "dd/mm/yyyy") -> 13/10/2025 | P37: =TO_UNIX_TIMESTAMP_DMY_HM(O37, B37) -> 1760362680 | T37: 3e9f39b15150d71f0ca07ef0671ea78d325467a788d9e6d8f291fb7018c8a8bc | U37: 614d6ba320f70614db6cdd9180c74173e7d6c7b0c7d910607eb0cc5d1a36c653 | V37: 2025-10-13T11:38:18+00:00 | X37: {post_referrer} | Y37: https://tannskjema.no | Z37: https://tannskjema.no/groruddalen-tannlegesenter | AC37: Facebook_Mobile_Feed
A38: 45944 | B38: 09:59 | C38: Magnus Hansten | D38: hansten07@gmail.com | E38: 4748249819 | F38: lørdag, 18 oktober | G38: =IF(NOT(ISERROR(MATCH(D38,'Tannbleking - Oppsalg US'!D:D, 0))), "Ja", "") | H38: Booket til time | I38: #1 | L38: meta | M38: CV2015 | N38: 6843809575737 | O38: =TEXT(A38, "dd/mm/yyyy") -> 14/10/2025 | P38: =TO_UNIX_TIMESTAMP_DMY_HM(O38, B38) -> 1760435940 | T38: a1f33c014a6ea489030940f26c3b4b6ffbd9245ecd0c780b579ddba9edc4e095 | U38: 1419e344d1d0b42a31a49779601df15c6646e0dc640f8b7179acd8042a4b7014 | V38: 2025-10-14T07:59:10+00:00 | X38: {post_referrer} | Y38: https://tannskjema.no | Z38: https://tannskjema.no/groruddalen-tannlegesenter | AC38: Facebook_Stories
A39: 45944 | B39: 12:40 | C39: Andrea Holtekjølen | D39: andreaholte@hotmail.no | E39: 4795478202 | F39: 28.10.25 | G39: =IF(NOT(ISERROR(MATCH(D39,'Tannbleking - Oppsalg US'!D:D, 0))), "Ja", "") | H39: Booket til time | I39: #1 | L39: meta | M39: CV2010 | N39: 6843762966937 | O39: =TEXT(A39, "dd/mm/yyyy") -> 14/10/2025 | P39: =TO_UNIX_TIMESTAMP_DMY_HM(O39, B39) -> 1760445600 | T39: c5784ed2300d32ccf243cdd431c61110a5870b3572451a631a7d8e37733cc912 | U39: e826f85cc4f6f65436e9bee2c09c35795a651de96e6f7e6cf8ed001b346606e3 | V39: 2025-10-14T10:40:03+00:00 | X39: {post_referrer} | Y39: https://tannskjema.no | Z39: https://tannskjema.no/groruddalen-tannlegesenter | AC39: Facebook_Desktop_Feed
A40: 45944 | B40: 12:49 | C40: Irene Håheim | D40: irenehaheim@hotmail.com | E40: 4790973645 | F40: 30. oktober | G40: =IF(NOT(ISERROR(MATCH(D40,'Tannbleking - Oppsalg US'!D:D, 0))), "Ja", "") | H40: Booket til time | I40: #1 | L40: meta | M40: CV2010 | N40: 6843762966937 | O40: =TEXT(A40, "dd/mm/yyyy") -> 14/10/2025 | P40: =TO_UNIX_TIMESTAMP_DMY_HM(O40, B40) -> 1760446140 | T40: 1be1ac47f995292cf3ddc275d6fd85a0550fa9f0989c3c023fe9eea3db5ef720 | U40: 0727bcee74beac6e37e878962b59b7c33524e825b87a05628764831e2de5d0a1 | V40: 2025-10-14T10:49:37+00:00 | X40: {post_referrer} | Y40: https://tannskjema.no | Z40: https://tannskjema.no/groruddalen-tannlegesenter | AC40: Facebook_Mobile_Feed
A41: 45945 | B41: 08:27 | C41: Esmer øzbek | D41: esma20@msn.com | E41: 4791550579 | F41: Sammen | G41: =IF(NOT(ISERROR(MATCH(D41,'Tannbleking - Oppsalg US'!D:D, 0))), "Ja", "") | H41: Booket til time | I41: #1 | L41: meta | M41: CV2010 | N41: 6843762966937 | O41: =TEXT(A41, "dd/mm/yyyy") -> 15/10/2025 | P41: =TO_UNIX_TIMESTAMP_DMY_HM(O41, B41) -> 1760516820 | T41: 771e0734bc2b9fdccada5a5abb995f6a4e7b6fa6d2e69df748e9a20e7897dcd3 | U41: 8c577a5cafcb57c7ff4e03a0ebd17829e5d10fba1552bdefcfe7ec06cdb4829b | V41: 2025-10-15T06:27:37+00:00 | X41: {post_referrer} | Y41: https://tannskjema.no | Z41: https://tannskjema.no/groruddalen-tannlegesenter | AC41: Facebook_Mobile_Reels
A42: 45945 | B42: 11:52 | C42: Chaimae Haddaoui | D42: chaimae.had@hotmail.com | E42: 4796718900 | F42: Lørdag eller søndag fra og med kl. 15.00 | G42: =IF(NOT(ISERROR(MATCH(D42,'Tannbleking - Oppsalg US'!D:D, 0))), "Ja", "") | H42: Ikke fått kontakt | I42: #5 | J42: Ingen svar på telefon. | L42: fb | M42: 6843762966937 | O42: =TEXT(A42, "dd/mm/yyyy") -> 15/10/2025 | P42: =TO_UNIX_TIMESTAMP_DMY_HM(O42, B42) -> 1760529120 | T42: 443075ac028e46b297033f4e662c519159410c164b9be4fb9f476d35809e56cc | U42: d5847c96b9140468b53e39255969b218386eaa76fe3d34504bcf51d4e109f390 | V42: 2025-10-15T09:52:56+00:00 | X42: {post_referrer} | Y42: https://tannskjema.no | Z42: https://tannskjema.no/groruddalen-tannlegesenter
A43: 45946 | B43: 03:20 | C43: Elin Bårhus | D43: mandala62@iclod.com | E43: 4793680804 | F43: februar 20 | G43: =IF(NOT(ISERROR(MATCH(D43,'Tannbleking - Oppsalg US'!D:D, 0))), "Ja", "") | H43: Ikke interessert | I43: #2 | L43: meta | M43: CV2010 | N43: 6843762966937 | O43: =TEXT(A43, "dd/mm/yyyy") -> 16/10/2025 | P43: =TO_UNIX_TIMESTAMP_DMY_HM(O43, B43) -> 1760584800 | T43: f3e062357d4e2fa377e8c71a41155a1d149761a7c939dbdac1750d26e08d884d | U43: e88d616b264e007993d321d422ff3d6c56b4b6719d3e071399b6bb5f3d415933 | V43: 2025-10-16T01:20:45+00:00 | X43: {post_referrer} | Y43: https://tannskjema.no | Z43: https://tannskjema.no/groruddalen-tannlegesenter | AC43: Facebook_Mobile_Reels
A44: 45946 | B44: 07:27 | C44: Krisgel Bolleser | D44: kcochbolleser@yahoo.com | E44: 4796699482 | F44: 17/10/25 09:00 | G44: =IF(NOT(ISERROR(MATCH(D44,'Tannbleking - Oppsalg US'!D:D, 0))), "Ja", "") | H44: Ikke fått kontakt | I44: #5 | J44: Ringt for å sette opp time, går rett til mobilsvar/ blir lagt på | L44: meta | M44: CV2012 | N44: 6843807669137 | O44: =TEXT(A44, "dd/mm/yyyy") -> 16/10/2025 | P44: =TO_UNIX_TIMESTAMP_DMY_HM(O44, B44) -> 1760599620 | T44: 7c4270a9ed34687d055854f30f5bd18eafd15ec33ba5c793800c0d608ba0fb09 | U44: 48cb7652497e98baa3e6c8a47482bf254858fdcb38754844586f8ebb73e79341 | V44: 2025-10-16T05:27:33+00:00 | X44: {post_referrer} | Y44: https://tannskjema.no | Z44: https://tannskjema.no/groruddalen-tannlegesenter | AC44: Facebook_Mobile_Feed
A45: 45946 | B45: 09:17 | C45: Mette Granli | D45: mette.granli59@gmail.com | E45: 4792445296 | F45: 23/10 | G45: =IF(NOT(ISERROR(MATCH(D45,'Tannbleking - Oppsalg US'!D:D, 0))), "Ja", "") | H45: Booket til time | I45: #1 | L45: meta | M45: CV2010 | N45: 6843762966937 | O45: =TEXT(A45, "dd/mm/yyyy") -> 16/10/2025 | P45: =TO_UNIX_TIMESTAMP_DMY_HM(O45, B45) -> 1760606220 | T45: f059c94e5f0c5f6151a3ce8b5ae5abeeed345515891c37a2f02be19e3de5f889 | U45: e1ffeeffce5bd0bf4e33eb265936e27e6124c44cc121caa439584eb3084da0ce | V45: 2025-10-16T07:17:12+00:00 | X45: {post_referrer} | Y45: https://tannskjema.no | Z45: https://tannskjema.no/groruddalen-tannlegesenter | AC45: Facebook_Mobile_Reels
A46: 45947 | B46: 04:53 | C46: Marcos Elijah Carreno Fernandez | D46: marcos99.mf@gmail.com | E46: 4745121960 | F46: 19.10.25 | G46: =IF(NOT(ISERROR(MATCH(D46,'Tannbleking - Oppsalg US'!D:D, 0))), "Ja", "") | H46: Booket til time | I46: #1 | L46: meta | M46: CV2010 | N46: 6843762966937 | O46: =TEXT(A46, "dd/mm/yyyy") -> 17/10/2025 | P46: =TO_UNIX_TIMESTAMP_DMY_HM(O46, B46) -> 1760676780 | T46: a107e47fd15598ffaeb37715c9bd3a383a092109a168128039868597453a316b | U46: 05504fdb791065dd90b4a87f4d502c59310d185df31a3600a88d91dffe7446a4 | V46: 2025-10-17T02:53:47+00:00 | X46: {post_referrer} | Y46: https://tannskjema.no | Z46: https://tannskjema.no/groruddalen-tannlegesenter | AC46: Facebook_Mobile_Reels
A47: 45947 | B47: 11:24 | C47: Edip Secici | D47: edip.secici@hotmail.com | E47: 4792299667 | F47: 23 10 2025 | G47: =IF(NOT(ISERROR(MATCH(D47,'Tannbleking - Oppsalg US'!D:D, 0))), "Ja", "") | H47: Booket til time | I47: #1 | L47: meta | M47: CV9801 | N47: 6843811006937 | O47: =TEXT(A47, "dd/mm/yyyy") -> 17/10/2025 | P47: =TO_UNIX_TIMESTAMP_DMY_HM(O47, B47) -> 1760700240 | T47: 18de252a3973f26151741d6022e9b2771f908133da78b3ef24e8bf001572a451 | U47: 78016654caf5c595c5284853e48836ccd013e0b87746880b3442a866c72b4884 | V47: 2025-10-17T09:24:01+00:00 | X47: {post_referrer} | Y47: https://tannskjema.no | Z47: https://tannskjema.no/groruddalen-tannlegesenter | AC47: Facebook_Mobile_Feed
A48: 45948 | B48: 10:09 | C48: Anne-Bett jacobsen | D48: annebettja@hotmail.com | E48: 4798658604 | F48: 24.10.2025 kl 16 | G48: =IF(NOT(ISERROR(MATCH(D48,'Tannbleking - Oppsalg US'!D:D, 0))), "Ja", "") | H48: Ikke fått kontakt | I48: #4 | J48: Ringt pasienten for å sette opp time, går rett til mobilsvar | L48: meta | M48: CV2010 | N48: 6843762966937 | O48: =TEXT(A48, "dd/mm/yyyy") -> 18/10/2025 | P48: =TO_UNIX_TIMESTAMP_DMY_HM(O48, B48) -> 1760782140 | T48: 777f575ed411263601c54f53880813f83547e54df6843f100c2c8033488470e1 | U48: a4af8c0f2d5675340524d024eafbb67f81a52ef17daec8e307a54cb34dc3fb2a | V48: 2025-10-18T08:09:02+00:00 | X48: {post_referrer} | Y48: https://tannskjema.no | Z48: https://tannskjema.no/groruddalen-tannlegesenter | AC48: Facebook_Mobile_Reels
A49: 45948 | B49: 10:14 | C49: Bengt Feragen | D49: bpferagen@gmail.com | E49: =47469412 -> 47469412 | F49: Fredag 31.10 kl 13.45 | G49: =IF(NOT(ISERROR(MATCH(D49,'Tannbleking - Oppsalg US'!D:D, 0))), "Ja", "") | H49: Ikke fått kontakt | I49: #3 | J49: Prøvd å ringe, nummeret er ikke i bruk | L49: meta | M49: CV2010 | N49: 6843762966937 | O49: =TEXT(A49, "dd/mm/yyyy") -> 18/10/2025 | P49: =TO_UNIX_TIMESTAMP_DMY_HM(O49, B49) -> 1760782440 | T49: fbb690f9e72f149b4c8eef6b5646b2942e26bf0ba4ededcf03f1b0327289431d | U49: d721f43fbe7a29707dd5d90dbd31855533bf30b78cacac7eefb6257e35feaf05 | V49: 2025-10-18T08:14:22+00:00 | X49: {post_referrer} | Y49: https://tannskjema.no | Z49: https://tannskjema.no/groruddalen-tannlegesenter | AC49: Facebook_Mobile_Feed
A50: 45948 | B50: 10:29 | C50: Maren Solvang | D50: maren_solvang@hotmail.com | E50: 4799416488 | F50: 8 11 2025 | G50: =IF(NOT(ISERROR(MATCH(D50,'Tannbleking - Oppsalg US'!D:D, 0))), "Ja", "") | H50: Ikke interessert | I50: #2 | J50: Skulle ringe opp for å sette opp time selv, var skikkelig usikker på når hun hadde tid pga barn. | L50: meta | M50: CP5144 | N50: 6843816185137 | O50: =TEXT(A50, "dd/mm/yyyy") -> 18/10/2025 | P50: =TO_UNIX_TIMESTAMP_DMY_HM(O50, B50) -> 1760783340 | T50: e1c431232c4e5d56b14dcd607b6b5cf43e85fccd5b0c9a4fda6fb5acad931b01 | U50: 0fdcf35a4044c8735eb9826825372a77c4c2b550c27f764a735695fe22ffe8b5 | V50: 2025-10-18T08:29:32+00:00 | X50: {post_referrer} | Y50: https://tannskjema.no | Z50: https://tannskjema.no/groruddalen-tannlegesenter | AC50: Facebook_Mobile_Feed
A51: 45949 | B51: 09:28 | C51: Forozan Omed | D51: fkargar786@gmail.com | E51: 4794480632 | F51: 247 oktober klokken 11:00 | G51: =IF(NOT(ISERROR(MATCH(D51,'Tannbleking - Oppsalg US'!D:D, 0))), "Ja", "") | H51: Booket til time | I51: #1 | L51: meta | M51: CV2010 | N51: 6843762966937 | O51: =TEXT(A51, "dd/mm/yyyy") -> 19/10/2025 | P51: =TO_UNIX_TIMESTAMP_DMY_HM(O51, B51) -> 1760866080 | T51: 9c6d3d26d43fbbc06388b215f162ba45b7523fc70466a78ac06abc5658ccf5a7 | U51: 71aa8cfb6fa1b5752caaa3ad7539d3b3213dbef54fb4b1db6f7b51b75baea4a1 | V51: 2025-10-19T07:28:24+00:00 | X51: {post_referrer} | Y51: https://tannskjema.no | Z51: https://tannskjema.no/groruddalen-tannlegesenter | AC51: Facebook_Mobile_Feed
A52: 45949 | B52: 12:07 | C52: Rozhan kamal Mohammed | D52: rozhankamal@yahoo.com | E52: 4794247167 | F52: 45956 | G52: =IF(NOT(ISERROR(MATCH(D52,'Tannbleking - Oppsalg US'!D:D, 0))), "Ja", "") | H52: Booket til time | I52: #1 | L52: meta | M52: CV2010 | N52: 6843762966937 | O52: =TEXT(A52, "dd/mm/yyyy") -> 19/10/2025 | P52: =TO_UNIX_TIMESTAMP_DMY_HM(O52, B52) -> 1760875620 | T52: a850049745b4efbf1c874f3a014c20580520a4ade78b6c8e4f4d023d7f9c2dd5 | U52: 4e5eea5a177ed377507228af5d2d25f9db17da3348adc04539169702e3ffac7f | V52: 2025-10-19T10:07:58+00:00 | X52: {post_referrer} | Y52: https://tannskjema.no | Z52: https://tannskjema.no/groruddalen-tannlegesenter | AC52: Facebook_Mobile_Feed
A53: 45949 | B53: 15:37 | C53: Farhiya Elmi | D53: farhiya.elmi5@gmail.com | E53: 4796980568 | F53: Torsdag 23/10-25 kl 19 | G53: =IF(NOT(ISERROR(MATCH(D53,'Tannbleking - Oppsalg US'!D:D, 0))), "Ja", "") | H53: Booket til time | I53: #1 | L53: meta | M53: CV2010 | N53: 6843762966937 | O53: =TEXT(A53, "dd/mm/yyyy") -> 19/10/2025 | P53: =TO_UNIX_TIMESTAMP_DMY_HM(O53, B53) -> 1760888220 | T53: 8f924b90bd6f2e66eec14062bec0d09dcd57dcb7798511064788d3986432c0d5 | U53: a746497421ff00b017fd4f35037d2ea7d673975cad910adb1f3adc1cea3559f6 | V53: 2025-10-19T13:37:54+00:00 | X53: {post_referrer} | Y53: https://tannskjema.no | Z53: https://tannskjema.no/groruddalen-tannlegesenter | AC53: Instagram_Reels
A54: 45949 | B54: 16:25 | C54: Fayaz ahmed | D54: ahmedfayazch@gmail.com | E54: 4793222881 | F54: 23/10/2025 kl etter 12.00 | G54: =IF(NOT(ISERROR(MATCH(D54,'Tannbleking - Oppsalg US'!D:D, 0))), "Ja", "") | H54: Ikke fått kontakt | I54: #5 | J54: Mobilsvar | L54: meta | M54: CV2015 | N54: 6843809575737 | O54: =TEXT(A54, "dd/mm/yyyy") -> 19/10/2025 | P54: =TO_UNIX_TIMESTAMP_DMY_HM(O54, B54) -> 1760891100 | T54: 40b2030f57eb99495269c4b01a73cca26b50a60134b955aecff708cc617b41f0 | U54: a7c5b0cf01b6136d1c2821b3f06501ef1c2a9316d95b8ff4aaa9aa011ff48d3b | V54: 2025-10-19T14:25:18+00:00 | X54: {post_referrer} | Y54: https://tannskjema.no | Z54: https://tannskjema.no/groruddalen-tannlegesenter | AC54: Facebook_Mobile_Reels
A55: 45949 | B55: 17:53 | C55: Maria Aadland | D55: maria_sivertsen@hotmail.com | E55: 4790677989 | F55: Lørdag | G55: =IF(NOT(ISERROR(MATCH(D55,'Tannbleking - Oppsalg US'!D:D, 0))), "Ja", "") | H55: Booket til time | I55: #1 | L55: meta | M55: CV2010 | N55: 6843762966937 | O55: =TEXT(A55, "dd/mm/yyyy") -> 19/10/2025 | P55: =TO_UNIX_TIMESTAMP_DMY_HM(O55, B55) -> 1760896380 | T55: aef47746c78c640e33a52714aadc7b341bf697a03b4bd9dcb5094725ef74c86e | U55: 7b58778442203ba6e405fec394c0d4a281c0fb6e0772d61015559e7ce2534807 | V55: 2025-10-19T15:53:40+00:00 | X55: {post_referrer} | Y55: https://tannskjema.no | Z55: https://tannskjema.no/groruddalen-tannlegesenter | AC55: Facebook_Mobile_Feed
A56: 45949 | B56: 18:00 | C56: Jonatan Aadland | D56: jona_aad@hotmail.com | E56: 4797045306 | F56: 20. eller 21. oktober | G56: =IF(NOT(ISERROR(MATCH(D56,'Tannbleking - Oppsalg US'!D:D, 0))), "Ja", "") | H56: Booket til time | I56: #1 | L56: meta | M56: CV2010 | N56: 6843762966937 | O56: =TEXT(A56, "dd/mm/yyyy") -> 19/10/2025 | P56: =TO_UNIX_TIMESTAMP_DMY_HM(O56, B56) -> 1760896800 | T56: 295c8d8456a8dc6031af87101625590b51a5fda52a786b6bb4238179ae88cff1 | U56: 4570482b2fa46f49975c4006ebb742ada694b3ceda350a895506349709ccde33 | V56: 2025-10-19T16:00:24+00:00 | X56: {post_referrer} | Y56: https://tannskjema.no | Z56: https://tannskjema.no/groruddalen-tannlegesenter | AC56: Facebook_Mobile_Feed
A57: 45950 | B57: 05:21 | C57: Adam Ali Abusharkh | D57: adam.ali.abusharkh@gmail.com | E57: 4794280530 | F57: Når det passer dere | G57: =IF(NOT(ISERROR(MATCH(D57,'Tannbleking - Oppsalg US'!D:D, 0))), "Ja", "") | H57: Booket til time | I57: #1 | L57: meta | M57: CV2010 | N57: 6843762966937 | O57: =TEXT(A57, "dd/mm/yyyy") -> 20/10/2025 | P57: =TO_UNIX_TIMESTAMP_DMY_HM(O57, B57) -> 1760937660 | T57: d3d02c0e4fc4467f47b2e64d58c84f0d18bd65bb09921b1c2758d37785b2b868 | U57: 39bc5f544c20c65eaa2ae9275d1bef2b5b265c5d18431901cd83f75582bec594 | V57: 2025-10-20T03:21:13+00:00 | X57: {post_referrer} | Y57: https://tannskjema.no | Z57: https://tannskjema.no/groruddalen-tannlegesenter | AC57: Facebook_Mobile_Reels
A58: 45951 | B58: 16:36 | C58: Juneed Zafar | D58: juneed@gmail.com | E58: 4746467475 | F58: 45952 | G58: =IF(NOT(ISERROR(MATCH(D58,'Tannbleking - Oppsalg US'!D:D, 0))), "Ja", "") | H58: Booket til time | I58: #3 | L58: meta | M58: CV2010 | N58: 6843762966937 | O58: =TEXT(A58, "dd/mm/yyyy") -> 21/10/2025 | P58: =TO_UNIX_TIMESTAMP_DMY_HM(O58, B58) -> 1761064560 | T58: 91845fe256503912dbee985d01c44ec484571f972dfd3ba9e8072dc5633ba2d5 | U58: 96eed13a30e4b06ca7e6598cbadc09f3c829a3468a00d47aabce68eef4ccb5cd | V58: 2025-10-21T14:36:25+00:00 | X58: {post_referrer} | Y58: https://tannskjema.no | Z58: https://tannskjema.no/groruddalen-tannlegesenter | AC58: Facebook_Mobile_Feed
A59: 45951 | B59: 20:44 | C59: Merethe Hansen | D59: merethehans1@hotmail.com | E59: 4746798182 | F59: Torsdag 23/10, 24/10,29/10, etter 16:00 | G59: =IF(NOT(ISERROR(MATCH(D59,'Tannbleking - Oppsalg US'!D:D, 0))), "Ja", "") | H59: Booket til time | I59: #1 | L59: meta | M59: CV2010 | N59: 6843762966937 | O59: =TEXT(A59, "dd/mm/yyyy") -> 21/10/2025 | P59: =TO_UNIX_TIMESTAMP_DMY_HM(O59, B59) -> 1761079440 | T59: de56a2709d54bd707b4cf24f01abe8ef8bd2bfc6ceb5fbaac3b818775ef0ed3c | U59: effb970a10926cceaeacfd85c5623b3296a51166a80ba157a3aa55cc79f3a07c | V59: 2025-10-21T18:44:23+00:00 | X59: {post_referrer} | Y59: https://tannskjema.no | Z59: https://tannskjema.no/groruddalen-tannlegesenter | AC59: Facebook_Mobile_Feed
A60: 45951 | B60: 21:34 | C60: silvana nylund | D60: silvananylund@gmail.com | E60: 4798847377 | F60: Fort som mulig | G60: =IF(NOT(ISERROR(MATCH(D60,'Tannbleking - Oppsalg US'!D:D, 0))), "Ja", "") | H60: Ikke interessert | I60: #1 | J60: Fant et sted nærmere seg selv | L60: meta | M60: CV9801 | N60: 6843811006937 | O60: =TEXT(A60, "dd/mm/yyyy") -> 21/10/2025 | P60: =TO_UNIX_TIMESTAMP_DMY_HM(O60, B60) -> 1761082440 | T60: 37d0e37fe1e56db8c13188308f271040c08a516e21ce5c891b631fbb61ba9798 | U60: 4d860ed8de8c5a302899b59e9571a56ffa926d7d6d6dc465747af12b2bd83c21 | V60: 2025-10-21T19:34:35+00:00 | X60: {post_referrer} | Y60: https://tannskjema.no | Z60: https://tannskjema.no/groruddalen-tannlegesenter | AC60: Facebook_Mobile_Feed
A61: 45952 | B61: 12:27 | C61: Haroon Kaakal | D61: haroon2014hk@gmail.com | E61: 4790273133 | F61: 26 | G61: =IF(NOT(ISERROR(MATCH(D61,'Tannbleking - Oppsalg US'!D:D, 0))), "Ja", "") | H61: Booket til time | I61: #1 | L61: meta | M61: CV2015 | N61: 6843809575737 | O61: =TEXT(A61, "dd/mm/yyyy") -> 22/10/2025 | P61: =TO_UNIX_TIMESTAMP_DMY_HM(O61, B61) -> 1761136020 | T61: 7d4f6aa72501848c1adc0288d01f7f1914bed5eda5797a3da63619de9f3ac6ff | U61: 2c99a803b767e5b10a70d3c73c484bbb9e48a0e669f08069736c6c13d2924d14 | V61: 2025-10-22T10:27:12+00:00 | X61: {post_referrer} | Y61: https://tannskjema.no | Z61: https://tannskjema.no/groruddalen-tannlegesenter | AC61: Facebook_Mobile_Feed
A62: 45952 | B62: 14:29 | C62: Rose Larsen | D62: njokurecha@yahoo.no | E62: 4797692210 | F62: 45959 | G62: =IF(NOT(ISERROR(MATCH(D62,'Tannbleking - Oppsalg US'!D:D, 0))), "Ja", "") -> Ja | H62: Booket til time | I62: #1 | L62: meta | M62: CV2015 | N62: 6843809575737 | O62: =TEXT(A62, "dd/mm/yyyy") -> 22/10/2025 | P62: =TO_UNIX_TIMESTAMP_DMY_HM(O62, B62) -> 1761143340 | T62: 7162ef39bdfa6f9a8a4228abc712a8e34e6fb4801ab4ad9ee085650da6b0eb56 | U62: 050fb92490df5a19ce5afee364ecb8afd14b41f4eae68352b79d8eafd0bc19f9 | V62: 2025-10-22T12:29:59+00:00 | X62: {post_referrer} | Y62: https://tannskjema.no | Z62: https://tannskjema.no/groruddalen-tannlegesenter | AC62: Facebook_Mobile_Reels
A63: 45952 | B63: 18:40 | C63: Bnar Bker | D63: lawand_8@hotmail.com | E63: 4792010224 | F63: I morgen | G63: =IF(NOT(ISERROR(MATCH(D63,'Tannbleking - Oppsalg US'!D:D, 0))), "Ja", "") | H63: Ikke interessert | I63: #2 | J63: Ønsket time men så kom hun på at hun skal være bortreist, ringer tilbake selv dersom hun skulle vært interessert | L63: meta | M63: CV2015 | N63: 6843809575737 | O63: =TEXT(A63, "dd/mm/yyyy") -> 22/10/2025 | P63: =TO_UNIX_TIMESTAMP_DMY_HM(O63, B63) -> 1761158400 | T63: 5e8b7023b98636d21a3e4db107caf891163c780601888d22981d13d30c4f458c | U63: 2658b58053261a1da5162eff133fc0c344b7179b9b4fffc9176d3685191a527c | V63: 2025-10-22T16:40:57+00:00 | X63: {post_referrer} | Y63: https://tannskjema.no | Z63: https://tannskjema.no/groruddalen-tannlegesenter | AC63: Facebook_Mobile_Reels
A64: 45953 | B64: 12:31 | C64: Zainab | D64: zainab288@hotmail.com | E64: 4798685965 | F64: Onsdag 29 oktober kl 10. 00 | G64: =IF(NOT(ISERROR(MATCH(D64,'Tannbleking - Oppsalg US'!D:D, 0))), "Ja", "") | H64: Booket til time | I64: #1 | L64: meta | M64: CV2010 | N64: 6843762966937 | O64: =TEXT(A64, "dd/mm/yyyy") -> 23/10/2025 | P64: =TO_UNIX_TIMESTAMP_DMY_HM(O64, B64) -> 1761222660 | T64: 750218b55ec675fbd35637f96adc3932d7f26fb688b2b1d6161553be6633d335 | U64: 060c1ce2f652e3e8894c3ae76ff57575d3f63e1ddb848bb8b257fa471d1e17c9 | V64: 2025-10-23T10:31:43+00:00 | X64: {post_referrer} | Y64: https://tannskjema.no | Z64: https://tannskjema.no/groruddalen-tannlegesenter | AC64: Facebook_Mobile_Feed
A65: 45953 | B65: 21:18 | C65: Zia Moradi | D65: zia.moradi91@gmail.com | E65: 4794058074 | F65: 45957 | G65: =IF(NOT(ISERROR(MATCH(D65,'Tannbleking - Oppsalg US'!D:D, 0))), "Ja", "") | H65: Booket til time | I65: #4 | J65: Ring opp for å sette opp time | L65: meta | M65: CV2010 | N65: 6843762966937 | O65: =TEXT(A65, "dd/mm/yyyy") -> 23/10/2025 | P65: =TO_UNIX_TIMESTAMP_DMY_HM(O65, B65) -> 1761254280 | T65: 2f4f13255a3fd8a3dd64618443279a3dc03382b5cfb78702ab5fee48fa475186 | U65: 192698dcbe08933b65af15374de6a7525f891910c9fdca55088d0eafa06f8feb | V65: 2025-10-23T19:18:24+00:00 | X65: {post_referrer} | Y65: https://tannskjema.no | Z65: https://tannskjema.no/groruddalen-tannlegesenter | AC65: Facebook_Mobile_Reels
A66: 45953 | B66: 23:50 | C66: Zaii Velzar | D66: zaiivelzar@gmail.com | E66: 4798177314 | F66: Mandag klokken 15 | G66: =IF(NOT(ISERROR(MATCH(D66,'Tannbleking - Oppsalg US'!D:D, 0))), "Ja", "") | H66: Booket til time | I66: #1 | L66: meta | M66: CV2010 | N66: 6843762966937 | O66: =TEXT(A66, "dd/mm/yyyy") -> 23/10/2025 | P66: =TO_UNIX_TIMESTAMP_DMY_HM(O66, B66) -> 1761263400 | T66: 977ce4507e47878183f501ef5919abc8826cde1a19d7fa27f4dbadeb2b3574b5 | U66: ab7787a32173c9c54ef729c3d0f47aa16e0babcd4d9ea6ca970f555197ec5a52 | V66: 2025-10-23T21:50:03+00:00 | X66: {post_referrer} | Y66: https://tannskjema.no | Z66: https://tannskjema.no/groruddalen-tannlegesenter | AC66: Instagram_Reels
A67: 45953 | B67: 23:55 | C67: Matteo Smajlovic | D67: matteosmajlovic@gmail.com | E67: 4797805178 | F67: Mandag klokken 16 | G67: =IF(NOT(ISERROR(MATCH(D67,'Tannbleking - Oppsalg US'!D:D, 0))), "Ja", "") | H67: Booket til time | I67: #3 | J67: Mobilsvar | L67: meta | O67: =TEXT(A67, "dd/mm/yyyy") -> 23/10/2025 | P67: =TO_UNIX_TIMESTAMP_DMY_HM(O67, B67) -> 1761263700 | T67: f30be29a4146396bab18f18d8d1d3352f923d3ea30974ae145f20fa399d6c6a4 | U67: 5e4a63b658c4f8612fcaae9885fa0ccae856523c2226252c8eb24f6e819849bf | V67: 2025-10-23T21:55:22+00:00 | X67: {post_referrer} | Y67: https://tannskjema.no | Z67: https://tannskjema.no/groruddalen-tannlegesenter
A68: 45954 | B68: 00:48 | C68: Siham mezian | D68: sihammezian@gmail.com | E68: 4745842084 | F68: 45955 | G68: =IF(NOT(ISERROR(MATCH(D68,'Tannbleking - Oppsalg US'!D:D, 0))), "Ja", "") | H68: Ikke interessert | I68: #1 | J68: Ønsket å ringe tilbake selv for å sette opp time | L68: meta | M68: CV2015 | N68: 6843809575737 | O68: =TEXT(A68, "dd/mm/yyyy") -> 24/10/2025 | P68: =TO_UNIX_TIMESTAMP_DMY_HM(O68, B68) -> 1761266880 | T68: 8d17b1bee8c0e0408b6b0d89f1329682033ff37cdd8ba08cc340db8a4977fde1 | U68: 7936f3b8bbbe787b119ef4e11a582b3c70565279896f3cefb9d13e233240ff6b | V68: 2025-10-23T22:49:00+00:00 | X68: {post_referrer} | Y68: https://tannskjema.no | Z68: https://tannskjema.no/groruddalen-tannlegesenter | AC68: Facebook_Mobile_Reels
A69: 45954 | B69: 16:14 | C69: Celine Eriksen | D69: eriksenmao@gmail.com | E69: 4796739381 | F69: 15.11.2025 | G69: =IF(NOT(ISERROR(MATCH(D69,'Tannbleking - Oppsalg US'!D:D, 0))), "Ja", "") | H69: Booket til time | I69: #2 | L69: meta | M69: CV2010 | N69: 6843762966937 | O69: =TEXT(A69, "dd/mm/yyyy") -> 24/10/2025 | P69: =TO_UNIX_TIMESTAMP_DMY_HM(O69, B69) -> 1761322440 | T69: c1522faa722738a6028893f05b9ae092b6dcf710860866a673c02f07309511ad | U69: 2f0d7bf5e4f2f2aa47f5c286ce341862de48b1a2b9f539ec7f176a137dd4707d | V69: 2025-10-24T14:14:49+00:00 | X69: {post_referrer} | Y69: https://tannskjema.no | Z69: https://tannskjema.no/groruddalen-tannlegesenter | AC69: Instagram_Reels
A70: 45954 | B70: 17:18 | C70: Sibel | D70: sibella_1987@hotmail.com | E70: 4792477713 | F70: 22/11/2025 | G70: =IF(NOT(ISERROR(MATCH(D70,'Tannbleking - Oppsalg US'!D:D, 0))), "Ja", "") | H70: Booket til time | I70: #1 | L70: meta | M70: CV2015 | N70: 6843809575737 | O70: =TEXT(A70, "dd/mm/yyyy") -> 24/10/2025 | P70: =TO_UNIX_TIMESTAMP_DMY_HM(O70, B70) -> 1761326280 | T70: dab798d123aba5cabfd8a6e02c81facac0d2b0f60cce0cc0e4727d7c3ef70705 | U70: e2bba909c39639ac0f6bf0de6b7e880e0d6492d6a9b4686b442ea0ed1a8bf35e | V70: 2025-10-24T15:18:49+00:00 | X70: {post_referrer} | Y70: https://tannskjema.no | Z70: https://tannskjema.no/groruddalen-tannlegesenter | AC70: Facebook_Mobile_Reels
A71: 45955 | B71: 09:53 | C71: Kim André Vannebo | D71: kavannebo@gmail.com | E71: 4793213827 | F71: 31.10.2025 08.30 | G71: =IF(NOT(ISERROR(MATCH(D71,'Tannbleking - Oppsalg US'!D:D, 0))), "Ja", "") | H71: Booket til time | I71: #2 | L71: meta | M71: CV2010 | N71: 6843762966937 | O71: =TEXT(A71, "dd/mm/yyyy") -> 25/10/2025 | P71: =TO_UNIX_TIMESTAMP_DMY_HM(O71, B71) -> 1761385980 | T71: 7f38a1acb7dac878376128532b3d22af3aa10a006e9575e5e42aeb4ac2beebfb | U71: cd76585808870e7feb6d6cc657b4ed66e66fdfcc3c53df861b93d323edd19df4 | V71: 2025-10-25T07:53:10+00:00 | X71: {post_referrer} | Y71: https://tannskjema.no | Z71: https://tannskjema.no/groruddalen-tannlegesenter | AC71: Facebook_Mobile_Reels
A72: 45955 | B72: 10:01 | C72: Karin Larsson | D72: tigerkarin12@gmail.com | E72: 4794296204 | F72: En uke dag etter kl 18.00 | G72: =IF(NOT(ISERROR(MATCH(D72,'Tannbleking - Oppsalg US'!D:D, 0))), "Ja", "") -> Ja | H72: Ikke fått kontakt | I72: #4 | L72: meta | M72: CV2010 | N72: 6843762966937 | O72: =TEXT(A72, "dd/mm/yyyy") -> 25/10/2025 | P72: =TO_UNIX_TIMESTAMP_DMY_HM(O72, B72) -> 1761386460 | T72: e92c91b1ae7e02536a3c31182f684a5f6f32cdf7ab01b61b1abe6283ea4b29bc | U72: 8bb6192e37ecd37ec28ce72970a30f8b2d6eabfe75df30f102e72dac1b65b603 | V72: 2025-10-25T08:01:35+00:00 | X72: {post_referrer} | Y72: https://tannskjema.no | Z72: https://tannskjema.no/groruddalen-tannlegesenter | AC72: Facebook_Mobile_Feed
A73: 45955 | B73: 12:05 | C73: Frid-Nelly Løkås Løkås | D73: fridlokas47@gmail.com | E73: 4746956562 | F73: 29/10 | G73: =IF(NOT(ISERROR(MATCH(D73,'Tannbleking - Oppsalg US'!D:D, 0))), "Ja", "") | H73: Ikke interessert | I73: #1 | L73: meta | M73: CV2010 | N73: 6843762966937 | O73: =TEXT(A73, "dd/mm/yyyy") -> 25/10/2025 | P73: =TO_UNIX_TIMESTAMP_DMY_HM(O73, B73) -> 1761393900 | T73: c4a9c0a9a340672ae3c1c8fe6783d253f1daba18ee9400d37edd62b84754691c | U73: 2b0b85d5d518e235ff4dce3572aa66d5862e2670ada67984db4766219cf7cf4d | V73: 2025-10-25T10:05:04+00:00 | X73: {post_referrer} | Y73: https://tannskjema.no | Z73: https://tannskjema.no/groruddalen-tannlegesenter | AC73: Facebook_Mobile_Feed
A74: 45956 | B74: 06:10 | C74: Babu Thiruchelvam | D74: tbabu300@gmail.com | E74: 4747704245 | F74: 31/10/2025 | G74: =IF(NOT(ISERROR(MATCH(D74,'Tannbleking - Oppsalg US'!D:D, 0))), "Ja", "") | H74: Følg opp | I74: #2 | J74: Pasienten ønsket å ringe tilbake selv, skulle sette opp time for noen andre | L74: meta | M74: CV2010 | N74: 6843762966937 | O74: =TEXT(A74, "dd/mm/yyyy") -> 26/10/2025 | P74: =TO_UNIX_TIMESTAMP_DMY_HM(O74, B74) -> 1761459000 | T74: 7aed09672b1d87d5176a0158a9633a0b99d8d2ec0672b14c00a1c8836c73de26 | U74: edadff6034b48e987b6b27e18c68794f9c54f024638e517d8a3e23d1b98c2d74 | V74: 2025-10-26T05:10:08+00:00 | X74: {post_referrer} | Y74: https://tannskjema.no | Z74: https://tannskjema.no/groruddalen-tannlegesenter | AC74: Facebook_Mobile_Feed
A75: 45956 | B75: 07:02 | C75: Simon Solheim | D75: sfsolheim@gmail.com | E75: 4798604319 | F75: Lørdag 1. nov. | G75: =IF(NOT(ISERROR(MATCH(D75,'Tannbleking - Oppsalg US'!D:D, 0))), "Ja", "") -> Ja | H75: Ikke fått kontakt | I75: #3 | J75: Går rett til mobilsvar | L75: meta | M75: CV2010 | N75: 6843762966937 | O75: =TEXT(A75, "dd/mm/yyyy") -> 26/10/2025 | P75: =TO_UNIX_TIMESTAMP_DMY_HM(O75, B75) -> 1761462120 | T75: fba5600621c1a83464cb88f1da1e8e0c659956762aa6ec1ac276fbae99aaf695 | U75: 90a0f341b6389f23ae420c6eb2b8eb35075943e07d533a19b1dc2ac332c19b91 | V75: 2025-10-26T06:02:46+00:00 | X75: {post_referrer} | Y75: https://tannskjema.no | Z75: https://tannskjema.no/groruddalen-tannlegesenter | AC75: Facebook_Mobile_Reels
A76: 45956 | B76: 08:19 | C76: Watan | D76: watan-29177kareemi@outlook.com | E76: 4748655738 | F76: Lørdag 14 | G76: =IF(NOT(ISERROR(MATCH(D76,'Tannbleking - Oppsalg US'!D:D, 0))), "Ja", "") | H76: Følg opp | I76: #2 | J76: Ønsker å ringe opp tilbake selv | L76: meta | M76: CV2010 | N76: 6843762966937 | O76: =TEXT(A76, "dd/mm/yyyy") -> 26/10/2025 | P76: =TO_UNIX_TIMESTAMP_DMY_HM(O76, B76) -> 1761466740 | T76: 6f04edfbecbad164b6e3814300046df92c19c729b4b179cd79e61d2194bdc176 | U76: 35735ab41461b4ebee58ee7b9ae81d41f5ba3b6e7bbbe176e97b37eb319a8448 | V76: 2025-10-26T07:19:43+00:00 | X76: {post_referrer} | Y76: https://tannskjema.no | Z76: https://tannskjema.no/groruddalen-tannlegesenter | AC76: Facebook_Mobile_Feed
A77: 45956 | B77: 08:30 | C77: Janusz | D77: januszmilosek@gmail.com | E77: 4796837894 | F77: Jeg ønsker en time for meg og min kone den 28., 30. og 31. For min kone i løpet av dagen, og for meg etter kl. 17. | G77: =IF(NOT(ISERROR(MATCH(D77,'Tannbleking - Oppsalg US'!D:D, 0))), "Ja", "") -> Ja | H77: Ikke interessert | I77: #1 | J77: Sier de ikke er interessert, ringt 26.10.2025 kl 12:45 | L77: fb | M77: 6843762966937 | O77: =TEXT(A77, "dd/mm/yyyy") -> 26/10/2025 | P77: =TO_UNIX_TIMESTAMP_DMY_HM(O77, B77) -> 1761467400 | T77: 0c1d77982d372c3008238756eb9ecace9bf1f1dd4d6b13ab9bd5112c537b6d08 | U77: b1d6f45833054fe43943e03c89e0a557248e605787e1a0553e5d8561968dd96f | V77: 2025-10-26T07:30:50+00:00 | X77: {post_referrer} | Y77: https://tannskjema.no | Z77: https://tannskjema.no/groruddalen-tannlegesenter
A78: 45957 | B78: 00:31 | C78: Liza Kjølberg | D78: lizakjol@online.no | E78: 4792888650 | F78: 31.1 | G78: =IF(NOT(ISERROR(MATCH(D78,'Tannbleking - Oppsalg US'!D:D, 0))), "Ja", "") | H78: Ikke interessert | I78: #1 | J78: Ønsker å gå til sin egen tannlege | L78: meta | M78: CV9159 | N78: 6843815576537 | O78: =TEXT(A78, "dd/mm/yyyy") -> 27/10/2025 | P78: =TO_UNIX_TIMESTAMP_DMY_HM(O78, B78) -> 1761525060 | T78: 9f265aaca6cde80656b34fc9ea790537269ec2ea2b288dc6f1bb35b6b83a9867 | U78: 9a713525e896c1a53562cb3fecdd626bb25842cc9417d6b26786ddf8d48e4d83 | V78: 2025-10-26T23:31:04+00:00 | X78: {post_referrer} | Y78: https://tannskjema.no | Z78: https://tannskjema.no/groruddalen-tannlegesenter | AC78: Facebook_Mobile_Feed
A79: 45958 | B79: 11:05 | C79: Mats | D79: matsmisje0@gmail.com | E79: 4741259429 | F79: Så fort som mulig | G79: =IF(NOT(ISERROR(MATCH(D79,'Tannbleking - Oppsalg US'!D:D, 0))), "Ja", "") | H79: Booket til time | I79: #1 | L79: meta | M79: CV2010 | N79: 6843762966937 | O79: =TEXT(A79, "dd/mm/yyyy") -> 28/10/2025 | P79: =TO_UNIX_TIMESTAMP_DMY_HM(O79, B79) -> 1761649500 | T79: 3976be2a1dc3f531d3ed399fc10a4c9a06162a1574ff76ee9979c2be74dd25f5 | U79: 70663d5294694aee21a07c822fb5e01c5889da06fd8d1cfc525d73b574a7aa97 | V79: 2025-10-28T10:05:27+00:00 | X79: {post_referrer} | Y79: https://tannskjema.no | Z79: https://tannskjema.no/groruddalen-tannlegesenter | AC79: Facebook_Mobile_Feed
A80: 45958 | B80: 11:06 | C80: Rusul Al-Abbasi | D80: rusul.alabbasi@gmail.com | E80: 4740054984 | F80: 30.10.25 | G80: =IF(NOT(ISERROR(MATCH(D80,'Tannbleking - Oppsalg US'!D:D, 0))), "Ja", "") | H80: Ikke interessert | I80: #1 | J80: Ønsket å ringe opp tilbake selv, trenger barnepass | L80: meta | M80: CV2010 | N80: 6843762966937 | O80: =TEXT(A80, "dd/mm/yyyy") -> 28/10/2025 | P80: =TO_UNIX_TIMESTAMP_DMY_HM(O80, B80) -> 1761649560 | T80: 81e914da30fbcc7320157334f259bcaf2e335bc7539ddda2158365b1cd4355d4 | U80: 00f3b8135ba12e15c284495f350840b59f2a31e175191ba72c65532eaefedeff | V80: 2025-10-28T10:06:01+00:00 | X80: {post_referrer} | Y80: https://tannskjema.no | Z80: https://tannskjema.no/groruddalen-tannlegesenter | AC80: Facebook_Mobile_Reels
A81: 45958 | B81: 11:32 | C81: munawar Hussain | D81: hussain.munawar0212@gmail.com | E81: 4798041181 | F81: 29.10.2025 | G81: =IF(NOT(ISERROR(MATCH(D81,'Tannbleking - Oppsalg US'!D:D, 0))), "Ja", "") | H81: Booket til time | I81: #1 | L81: meta | M81: CV2013 | N81: 6843809093137 | O81: =TEXT(A81, "dd/mm/yyyy") -> 28/10/2025 | P81: =TO_UNIX_TIMESTAMP_DMY_HM(O81, B81) -> 1761651120 | T81: d048bab0aba831947bea4ca6340e5ad58569bd50495707574e6d392b0110691f | U81: 57afa55298c8eb13e0cdfc432a3b4f57326712414a72bc11a84b6ef47b2c654c | V81: 2025-10-28T10:32:24+00:00 | X81: {post_referrer} | Y81: https://tannskjema.no | Z81: https://tannskjema.no/groruddalen-tannlegesenter | AC81: Facebook_Mobile_Reels
A82: 45958 | B82: 17:18 | C82: Erik skræi | D82: Borterik123@gmail.com | E82: 4795447076 | F82: 31.10.2025 kl 16.00 | G82: =IF(NOT(ISERROR(MATCH(D82,'Tannbleking - Oppsalg US'!D:D, 0))), "Ja", "") | H82: Booket til time | I82: #1 | L82: fb | M82: 6843762966937 | O82: =TEXT(A82, "dd/mm/yyyy") -> 28/10/2025 | P82: =TO_UNIX_TIMESTAMP_DMY_HM(O82, B82) -> 1761671880 | T82: 0baa5ab7eb8004976de5cce56978db01aa69f7e1802510a76d7718a01f6838ea | U82: 566975f734c3c60488bf5c8627ed6324ccad31105e29a8829e03f25b4b40b8e2 | V82: 2025-10-28T16:18:31+00:00 | X82: {post_referrer} | Y82: https://tannskjema.no | Z82: https://tannskjema.no/groruddalen-tannlegesenter
A83: 45959 | B83: 00:09 | C83: Heja Ahmed | D83: heja099@gmail.com | E83: 4747743752 | F83: 29.10.25 | G83: =IF(NOT(ISERROR(MATCH(D83,'Tannbleking - Oppsalg US'!D:D, 0))), "Ja", "") | H83: Ikke fått kontakt | I83: #5 | J83: Rett til telefonsvar | L83: meta | M83: CV2010 | N83: 6843762966937 | O83: =TEXT(A83, "dd/mm/yyyy") -> 29/10/2025 | P83: =TO_UNIX_TIMESTAMP_DMY_HM(O83, B83) -> 1761696540 | T83: 3276e27d51d7a81303886956401f92d2f38f53cbf88bd8b96f5a206a333e2725 | U83: d7db546e831aa06d6a1296dcac8b80f5d1359c40aea08b7d8f2be2f009e0f0f5 | V83: 2025-10-28T23:09:30+00:00 | X83: {post_referrer} | Y83: https://tannskjema.no | Z83: https://tannskjema.no/groruddalen-tannlegesenter | AC83: Facebook_Mobile_Feed
A84: 45959 | B84: 06:04 | C84: Sami Meliqi | D84: sami.meliqi@gmail.cim | E84: 4748899886 | F84: 11.11.2025 | G84: =IF(NOT(ISERROR(MATCH(D84,'Tannbleking - Oppsalg US'!D:D, 0))), "Ja", "") | H84: Booket til time | I84: #1 | L84: meta | M84: CV2015 | N84: 6843809575737 | O84: =TEXT(A84, "dd/mm/yyyy") -> 29/10/2025 | P84: =TO_UNIX_TIMESTAMP_DMY_HM(O84, B84) -> 1761717840 | T84: 0b6a1b451cec1073f800b64cef2ba3e55c40815c919d42245ddc9a7f6dfa587f | U84: c4f85a430fb74506a369550f4f6b5a63326e7acbc856b46da8e3ac944bb53803 | V84: 2025-10-29T05:04:02+00:00 | X84: {post_referrer} | Y84: https://tannskjema.no | Z84: https://tannskjema.no/groruddalen-tannlegesenter | AC84: Facebook_Mobile_Reels
A85: 45960 | B85: 08:34 | C85: Miranda Dalberg | D85: mirandadalberg@gmail.com | E85: 4792030375 | F85: 24.11.2025 | G85: =IF(NOT(ISERROR(MATCH(D85,'Tannbleking - Oppsalg US'!D:D, 0))), "Ja", "") | H85: Ikke fått kontakt | I85: #4 | L85: meta | M85: CV2010 | N85: 6843762966937 | O85: =TEXT(A85, "dd/mm/yyyy") -> 30/10/2025 | P85: =TO_UNIX_TIMESTAMP_DMY_HM(O85, B85) -> 1761813240 | T85: daa0d7664d6bdfd5f841ce607b44cf488ce58ea0dbdbb6a752ce9a60b8ec2862 | U85: 65252e135e0e518afcbbd134b5c4e2b7374c9a553b8540b511622a9a20837625 | V85: 2025-10-30T07:34:25+00:00 | X85: {post_referrer} | Y85: https://tannskjema.no | Z85: https://tannskjema.no/groruddalen-tannlegesenter | AC85: Facebook_Mobile_Feed
A86: 45960 | B86: 08:52 | C86: Tahira Butt | D86: tahirab1012@hotmail.com | E86: 4796822734 | F86: 31.10.25 | G86: =IF(NOT(ISERROR(MATCH(D86,'Tannbleking - Oppsalg US'!D:D, 0))), "Ja", "") | H86: Booket til time | I86: #1 | L86: meta | M86: CV2010 | N86: 6843762966937 | O86: =TEXT(A86, "dd/mm/yyyy") -> 30/10/2025 | P86: =TO_UNIX_TIMESTAMP_DMY_HM(O86, B86) -> 1761814320 | T86: 106056c899158059e646e44730f0f41abd4615eb13093d29cbaee1608bc2111d | U86: f607c7ce2071c4a06e831529157cb68e9285c81d86c3e69015c4db6eb20b483c | V86: 2025-10-30T07:52:29+00:00 | X86: {post_referrer} | Y86: https://tannskjema.no | Z86: https://tannskjema.no/groruddalen-tannlegesenter | AC86: Facebook_Mobile_Feed
A87: 45960 | B87: 09:34 | C87: Nishanthiny Alagendram | D87: nishanthiny87@hotmail.com | E87: 4796810469 | F87: 31.10.2025 | G87: =IF(NOT(ISERROR(MATCH(D87,'Tannbleking - Oppsalg US'!D:D, 0))), "Ja", "") | H87: Booket til time | I87: #1 | L87: meta | M87: CV2015 | N87: 6843809575737 | O87: =TEXT(A87, "dd/mm/yyyy") -> 30/10/2025 | P87: =TO_UNIX_TIMESTAMP_DMY_HM(O87, B87) -> 1761816840 | T87: 819703eefbc85a8790df0e463c9d5e3c5da38dfb5311e9333b3a06d33c000d03 | U87: 6d660703ae10f6663e6364f07615bd867dd9d36c0f1cb69109d9e2a22e985257 | V87: 2025-10-30T08:34:12+00:00 | X87: {post_referrer} | Y87: https://tannskjema.no | Z87: https://tannskjema.no/groruddalen-tannlegesenter | AC87: Facebook_Mobile_Reels
A88: 45964 | B88: 09:23 | C88: Marija Markovska | D88: marija.markovska@online.no | E88: 4791758328 | F88: 25 november | G88: =IF(NOT(ISERROR(MATCH(D88,'Tannbleking - Oppsalg US'!D:D, 0))), "Ja", "") | H88: Booket til time | I88: #3 | L88: meta | M88: CV2010 | N88: 6855455436537 | O88: =TEXT(A88, "dd/mm/yyyy") -> 03/11/2025 | P88: =TO_UNIX_TIMESTAMP_DMY_HM(O88, B88) -> 1762161780 | T88: a2b8135afde99838e6c95bee023a484ddc207212c9d35568b1f51cb669457989 | U88: f96f58969b397d4d33803d57002878af9264ab07b41229d93d68e410ac6ce90d | V88: 2025-11-03T08:23:23+00:00 | X88: {post_referrer} | Y88: https://tannskjema.no | Z88: https://tannskjema.no/groruddalen-tannlegesenter | AC88: Facebook_Mobile_Feed
A89: 45964 | B89: 18:33 | C89: Kenan Ali | D89: kinan554@Yahoo.com | E89: 4740551603 | F89: 11.11.2026 | G89: =IF(NOT(ISERROR(MATCH(D89,'Tannbleking - Oppsalg US'!D:D, 0))), "Ja", "") | H89: Booket til time | I89: #2 | L89: meta | M89: CV2016 | N89: 6855455435537 | O89: =TEXT(A89, "dd/mm/yyyy") -> 03/11/2025 | P89: =TO_UNIX_TIMESTAMP_DMY_HM(O89, B89) -> 1762194780 | T89: faeea0d1e06a07ce443a8543301f0caea8c49672720956304d2763d4c977be23 | U89: 71b8c0384b13b92d270a97e36bab74c4f74bb38a25c27b303f62f529a1da24c4 | V89: 2025-11-03T17:33:25+00:00 | X89: {post_referrer} | Y89: https://tannskjema.no | Z89: https://tannskjema.no/groruddalen-tannlegesenter | AC89: Facebook_Mobile_Reels
A90: 45964 | B90: 18:54 | C90: Daniel Feyisa | D90: dan2005@live.com | E90: 4740164885 | F90: 5. Nov | G90: =IF(NOT(ISERROR(MATCH(D90,'Tannbleking - Oppsalg US'!D:D, 0))), "Ja", "") | H90: Booket til time | I90: #1 | L90: meta | M90: CV2016 | N90: 6855455435537 | O90: =TEXT(A90, "dd/mm/yyyy") -> 03/11/2025 | P90: =TO_UNIX_TIMESTAMP_DMY_HM(O90, B90) -> 1762196040 | T90: dabb55ad12a68a73ebd703d1b7c55cbb9b3acef56ab27e3ca3f534c7975fe88c | U90: 2ea004235f0ada4bf3ddcca99a97ace4c2ac6af70467ad12256eaa06ab0b9dad | V90: 2025-11-03T17:54:09+00:00 | X90: {post_referrer} | Y90: https://tannskjema.no | Z90: https://tannskjema.no/groruddalen-tannlegesenter | AC90: Facebook_Mobile_Reels
A91: 45964 | B91: 18:55 | C91: Ida Stenersen | D91: idastenersen@hotmail.com | E91: 4797520855 | F91: 11.11.25 | G91: =IF(NOT(ISERROR(MATCH(D91,'Tannbleking - Oppsalg US'!D:D, 0))), "Ja", "") | H91: Ikke interessert | I91: #3 | J91: Har fått bedre tilbud et annet sted | L91: meta | M91: CV2011 | N91: 6855455436137 | O91: =TEXT(A91, "dd/mm/yyyy") -> 03/11/2025 | P91: =TO_UNIX_TIMESTAMP_DMY_HM(O91, B91) -> 1762196100 | T91: 159292c74821f982a69c895689aff21da6c5d3f781e491b7cfd75d9e4d0b4e14 | U91: 8f3acd7dd836f4cfca3f72f609ad7130df57ff3b12cd03cb6015fa54b00a3aef | V91: 2025-11-03T17:55:49+00:00 | X91: {post_referrer} | Y91: https://tannskjema.no | Z91: https://tannskjema.no/groruddalen-tannlegesenter | AC91: Facebook_Mobile_Reels
A92: 45965 | B92: 05:58 | C92: Øystein Jeremiassen | D92: oystein.jeremiassen@gmail.com | E92: 4798673098 | F92: 15.11 | G92: =IF(NOT(ISERROR(MATCH(D92,'Tannbleking - Oppsalg US'!D:D, 0))), "Ja", "") | H92: Booket til time | I92: #4 | J92: Mobilsvar | L92: meta | M92: CV2010 | N92: 6855455436537 | O92: =TEXT(A92, "dd/mm/yyyy") -> 04/11/2025 | P92: =TO_UNIX_TIMESTAMP_DMY_HM(O92, B92) -> 1762235880 | T92: 0107d8228e5eacd7f6a9114b4451d0701eedbbfbe3e9521ad2db7ff44872c815 | U92: 0e9c49c4811b7a6680c00be761e2991ccac8486ed21eeab6a527955b6d036af9 | V92: 2025-11-04T04:58:32+00:00 | X92: {post_referrer} | Y92: https://tannskjema.no | Z92: https://tannskjema.no/groruddalen-tannlegesenter | AC92: Facebook_Mobile_Reels
A93: 45965 | B93: 19:33 | C93: Kobrom Ihdego | D93: kobrom@hotmail.com | E93: 4796696233 | F93: 9.11.25 kl.12.00 | G93: =IF(NOT(ISERROR(MATCH(D93,'Tannbleking - Oppsalg US'!D:D, 0))), "Ja", "") | H93: Booket til time | I93: #2 | L93: meta | M93: CV2016 | N93: 6855455435537 | O93: =TEXT(A93, "dd/mm/yyyy") -> 04/11/2025 | P93: =TO_UNIX_TIMESTAMP_DMY_HM(O93, B93) -> 1762284780 | T93: 0a963b3d4c7b0076a182d592b4314dd6391b9cf9caa4cfb6c1ecd344a1758d20 | U93: 31ffc6d5f2262f0007eb87f161dfe475cf693d9bcade7979b7cfb36ea371a43b | V93: 2025-11-04T18:33:56+00:00 | X93: {post_referrer} | Y93: https://tannskjema.no | Z93: https://tannskjema.no/groruddalen-tannlegesenter | AC93: Facebook_Mobile_Reels
A94: 45965 | B94: 20:33 | C94: Rusul Al-Abbasi | D94: rusul.alabbasi@gmail.com | E94: 4740054984 | F94: Fredag | G94: =IF(NOT(ISERROR(MATCH(D94,'Tannbleking - Oppsalg US'!D:D, 0))), "Ja", "") | H94: Booket til time | I94: #4 | L94: meta | M94: CV2010 | N94: 6855455436537 | O94: =TEXT(A94, "dd/mm/yyyy") -> 04/11/2025 | P94: =TO_UNIX_TIMESTAMP_DMY_HM(O94, B94) -> 1762288380 | T94: 81e914da30fbcc7320157334f259bcaf2e335bc7539ddda2158365b1cd4355d4 | U94: 00f3b8135ba12e15c284495f350840b59f2a31e175191ba72c65532eaefedeff | V94: 2025-11-04T19:33:33+00:00 | X94: {post_referrer} | Y94: https://tannskjema.no | Z94: https://tannskjema.no/groruddalen-tannlegesenter | AC94: Facebook_Mobile_Feed
A95: 45966 | B95: 10:59 | C95: Kristine | D95: kristine-th@hebb.no | E95: 4795006886 | F95: 18.November | G95: =IF(NOT(ISERROR(MATCH(D95,'Tannbleking - Oppsalg US'!D:D, 0))), "Ja", "") | H95: Booket til time | I95: #3 | L95: meta | M95: CV2010 | N95: 6855455436537 | O95: =TEXT(A95, "dd/mm/yyyy") -> 05/11/2025 | P95: =TO_UNIX_TIMESTAMP_DMY_HM(O95, B95) -> 1762340340 | T95: 2867a06bd20199ede33de25d7af3e110812ceff7bd2266e816f72523e02e43d0 | U95: e8231b645c8fee3ccade6d2d9bc989b065f0f174ffcee86fdc5d98bf8affb8e6 | V95: 2025-11-05T09:59:51+00:00 | X95: {post_referrer} | Y95: https://tannskjema.no | Z95: https://tannskjema.no/groruddalen-tannlegesenter | AC95: Facebook_Mobile_Feed
A96: 45966 | B96: 21:16 | C96: Suthakaran Kanesu | D96: Kanesusuthakaran@gmail.com | E96: 4791694876 | F96: Lørdag | G96: =IF(NOT(ISERROR(MATCH(D96,'Tannbleking - Oppsalg US'!D:D, 0))), "Ja", "") | H96: Booket til time | I96: #1 | L96: meta | M96: CV9159 | N96: 6855455435737 | O96: =TEXT(A96, "dd/mm/yyyy") -> 05/11/2025 | P96: =TO_UNIX_TIMESTAMP_DMY_HM(O96, B96) -> 1762377360 | T96: 63842b89898ba50e7aa858f304c7a960cbc79439046da4598254c9bec501e347 | U96: 4fe564f9d5f3bf1d753f1136d1efc3d273be57b053cb8c379158f6fdf7b42368 | V96: 2025-11-05T20:16:31+00:00 | X96: {post_referrer} | Y96: https://tannskjema.no | Z96: https://tannskjema.no/groruddalen-tannlegesenter | AC96: Facebook_Mobile_Feed
A97: 45967 | B97: 11:14 | C97: Khuram khalil | D97: khuram.kk@hotmail.com | E97: 4798242478 | F97: 18.11.2025 | G97: =IF(NOT(ISERROR(MATCH(D97,'Tannbleking - Oppsalg US'!D:D, 0))), "Ja", "") | H97: Booket til time | I97: #2 | J97: Ønsket å snakke med kona først, ringer opp igjen | L97: meta | M97: CV2011 | N97: 6855455436137 | O97: =TEXT(A97, "dd/mm/yyyy") -> 06/11/2025 | P97: =TO_UNIX_TIMESTAMP_DMY_HM(O97, B97) -> 1762427640 | T97: 5648f4e34438c05ec49ac3aa496eb290c1684d67dad25954513b2df008c3fe26 | U97: 071e6cc2a6e33c63ba0ba23a8bc118094b8192c78ab432d4494a2e63eae3907e | V97: 2025-11-06T10:14:51+00:00 | X97: {post_referrer} | Y97: https://tannskjema.no | Z97: https://tannskjema.no/groruddalen-tannlegesenter | AC97: Facebook_Mobile_Reels
A98: 45967 | B98: 12:25 | C98: Stella Angelo | D98: nakomale@hotmail.com | E98: 4797152606 | F98: 28.11.2025 | G98: =IF(NOT(ISERROR(MATCH(D98,'Tannbleking - Oppsalg US'!D:D, 0))), "Ja", "") | H98: Booket til time | I98: #1 | L98: meta | M98: CV2011 | N98: 6855455436137 | O98: =TEXT(A98, "dd/mm/yyyy") -> 06/11/2025 | P98: =TO_UNIX_TIMESTAMP_DMY_HM(O98, B98) -> 1762431900 | T98: 218c2dd3ccf0905b21f3d9bbfe87cb28b9e2a869e3b585bc8466c87fe4f0ff3b | U98: 99838831af21fe9217b6d60b67db4b0266cfd785fd036385be11f3bf9a245585 | V98: 2025-11-06T11:25:51+00:00 | X98: {post_referrer} | Y98: https://tannskjema.no | Z98: https://tannskjema.no/groruddalen-tannlegesenter | AC98: Facebook_Mobile_Feed
A99: 45967 | B99: 17:39 | C99: Terje Svevad | D99: terjesvevad59@gmail.com | E99: 4791731867 | F99: 12/11 2024 | G99: =IF(NOT(ISERROR(MATCH(D99,'Tannbleking - Oppsalg US'!D:D, 0))), "Ja", "") | H99: Booket til time | I99: #1 | L99: meta | M99: CV2016 | N99: 6855455435537 | O99: =TEXT(A99, "dd/mm/yyyy") -> 06/11/2025 | P99: =TO_UNIX_TIMESTAMP_DMY_HM(O99, B99) -> 1762450740 | T99: f0cb76830468abee57ebf10dc41f8a9470f5856a6afa229c6482f4a8dbb1586a | U99: 911a606198d9caac07a8ed813275f3f2a2153a5bedf7b75c2ec428b236d3f945 | V99: 2025-11-06T16:39:39+00:00 | X99: {post_referrer} | Y99: https://tannskjema.no | Z99: https://tannskjema.no/groruddalen-tannlegesenter | AC99: Facebook_Mobile_Reels
A100: 45968 | B100: 22:02 | C100: Linda Liffner | D100: liffner_linda@hotmail.com | E100: 4791552375 | F100: 13/11 | G100: =IF(NOT(ISERROR(MATCH(D100,'Tannbleking - Oppsalg US'!D:D, 0))), "Ja", "") | H100: Booket til time | I100: #2 | L100: meta | M100: CV9802 | N100: 6855455436737 | O100: =TEXT(A100, "dd/mm/yyyy") -> 07/11/2025 | P100: =TO_UNIX_TIMESTAMP_DMY_HM(O100, B100) -> 1762552920 | T100: a0e2d6cd10092f4d5853a7185ae9d781696c169f2eae2c96b432433b25f7dd5b | U100: 0f3373b95632626b5282c908c2a335fd2ec3913c88384377d2df1b1488cf69ca | V100: 2025-11-07T21:02:19+00:00 | X100: {post_referrer} | Y100: https://tannskjema.no | Z100: https://tannskjema.no/groruddalen-tannlegesenter | AC100: Facebook_Mobile_Feed
...

Sheet Tannbleking - Oppsalg US
A1: Dato | B1: Tidspunkt | C1: Navn | D1: E-post | E1: Telefon | F1: Kommentar
A2: 45407 | B2: 14:57 | C2: Vetle Robstad | D2: vetle.robstad85@gmail.com | E2: 97974145
A3: 45930 | B3: 11:23 | C3: Ole Tom Pettersen | D3: oletompettersen@gmail.com | E3: 4797467341
A4: 45930 | B4: 11:25 | C4: Ole Tom Pettersen | D4: oletompettersen@gmail.com | E4: 4797467341
A5: 45930 | B5: 11:25 | C5: Ole Tom Pettersen | D5: oletompettersen@gmail.com | E5: 4797467341
A6: 45931 | B6: 05:47 | C6: Zere Abraha Hiyabu | D6: zhiyabu@gmail.com | E6: 48354835
A7: 45931 | B7: 06:26 | C7: Malyun Mume | D7: saboontu88@hotmail.com | E7: 47467165
A8: 45940 | B8: 12:40 | C8: Tine Pedersen | D8: tinep86@hotmail.com | E8: 93680400
A9: 45952 | B9: 14:30 | C9: Rose Larsen | D9: njokurecha@yahoo.no | E9: 97692210
A10: 45956 | B10: 07:08 | C10: Simon Solheim | D10: sfsolheim@gmail.com | E10: 98604319
A11: 45956 | B11: 08:31 | C11: Janusz | D11: januszmilosek@gmail.com | E11: 96837894
A12: 45969 | B12: 00:08 | C12: Emirhan Nedzhib | D12: emirhandemirel585@gmail.com | E12: 4792530934
A13: 45987 | B13: 22:55 | C13: Rajshekhar Bhattacharya | D13: r277735@gmail.com | E13: 4791278340
... A34: 46151 | B34: 08:33 | C34: Mabel Akogyeram | D34: mabel.akogyeram@gmail.com | E34: 4790983320

Sheet Totalt US 2026
B2: 2026 Kampanjeresultater - US 590 kr
B4: Kostnad per henvendelse | D4: Antall henvendelser | F4: Bookingsrate US
B5: =$U$30 -> 0 | D5: =$S$30 -> 19 | F5: =$Z$30 -> 0.68421053
B7: Kostnad per pasient | D7: Antall nye pasienter | F7: Omsetning fra US
B8: =$V$30 -> 0 | D8: =$T$30 -> 13 | F8: =$AA$30 -> 7670
B10: Beløp brukt | D10: Omsetning fra kampanje | F10: Omsetning fra oppsalg
B11: =$R$30 -> 0 | D11: =$X$30 -> 15140 | F11: =$AC$30 -> 7470
F12: =$AD$30 -> 0.15789474
B13: Annonseavkastning | D13: Potensiell omsetning 2000 kr | F13: Antall oppsalg
B14: =$W$30 -> #DIV/0! | D14: =$Y$30 -> 33470 | F14: =$AB$30 -> 3
Q17: Måned | R17: Beløp brukt | S17: Antall henvendelser | T17: Antall pasienter | U17: Kostnad per henvendelse | V17: Kostnad per pasient | W17: ROAS | X17: Omsetning fra kampanje | Y17: Potensiell omsetning | Z17: US Bookingrate | AA17: Omsetning fra US | AB17: Antall oppsalg | AC17: Omsetning fra oppsalg | AD17: CVR Upsale | AE17: Meta Link Clicks | AF17: CVR Exam
Q18: Januar | R18: =R45+R61 -> 0 | S18: =COUNTIFS(US!$A:$A, ">=" & DATE(2026,1,1), US!$A:$A, "<=" & EOMONTH(DATE(2026,1,1), 0)) -> 0 | T18: =COUNTIFS(US!$A:$A, ">=" & DATE(2026,1,1), US!$A:$A, "<=" & EOMONTH(DATE(2026,1,1), 0), US!$H:$H, "Booket til time") -> 0 | U18: =R18/S18 -> #DIV/0! | V18: =R18/T18 -> #DIV/0! | W18: =Y18/R18 -> #DIV/0! | X18: =($S$32*T18)+AC18 -> 0 | Y18: =($S$33*T18)+AC18 -> 0 | Z18: =T18/S18 -> #DIV/0! | AA18: =T18*$S$32 -> 0 | AB18: =COUNTIFS(US!$A:$A, ">=" & DATE(2026,1,1), US!$A:$A, "<=" & EOMONTH(DATE(2026,1,1), 0), US!$G:$G, "Ja") -> 0 | AC18: =AB18*$S$34 -> 0 | AD18: =AB18/S18 -> #DIV/0! | AF18: =S18/AE18 -> #DIV/0!
Q19: Februar | R19: =R46+R62 -> 0 | S19: =COUNTIFS(US!$A:$A, ">=" & DATE(2026,2,1), US!$A:$A, "<=" & EOMONTH(DATE(2026,2,1), 0)) -> 0 | T19: =COUNTIFS(US!$A:$A, ">=" & DATE(2026,2,1), US!$A:$A, "<=" & EOMONTH(DATE(2026,2,1), 0), US!$H:$H, "Booket til time") -> 0 | U19: =R19/S19 -> #DIV/0! | V19: =R19/T19 -> #DIV/0! | W19: =Y19/R19 -> #DIV/0! | X19: =($S$32*T19)+AC19 -> 0 | Y19: =($S$33*T19)+AC19 -> 0 | Z19: =T19/S19 -> #DIV/0! | AA19: =T19*$S$32 -> 0 | AB19: =COUNTIFS(US!$A:$A, ">=" & DATE(2026,2,1), US!$A:$A, "<=" & EOMONTH(DATE(2026,2,1), 0), US!$G:$G, "Ja") -> 0 | AC19: =AB19*$S$34 -> 0 | AD19: =AB19/S19 -> #DIV/0! | AF19: =S19/AE19 -> #DIV/0!
Q20: Mars | R20: =R47+R63 -> 0 | S20: =COUNTIFS(US!$A:$A, ">=" & DATE(2026,3,1), US!$A:$A, "<=" & EOMONTH(DATE(2026,3,1), 0)) -> 0 | T20: =COUNTIFS(US!$A:$A, ">=" & DATE(2026,3,1), US!$A:$A, "<=" & EOMONTH(DATE(2026,3,1), 0), US!$H:$H, "Booket til time") -> 0 | U20: =R20/S20 -> #DIV/0! | V20: =R20/T20 -> #DIV/0! | W20: =Y20/R20 -> #DIV/0! | X20: =($S$32*T20)+AC20 -> 0 | Y20: =($S$33*T20)+AC20 -> 0 | Z20: =T20/S20 -> #DIV/0! | AA20: =T20*$S$32 -> 0 | AB20: =COUNTIFS(US!$A:$A, ">=" & DATE(2026,3,1), US!$A:$A, "<=" & EOMONTH(DATE(2026,3,1), 0), US!$G:$G, "Ja") -> 0 | AC20: =AB20*$S$34 -> 0 | AD20: =AB20/S20 -> #DIV/0! | AF20: =S20/AE20 -> #DIV/0!
Q21: April | R21: =R48+R64 -> 0 | S21: =COUNTIFS(US!$A:$A, ">=" & DATE(2026,4,1), US!$A:$A, "<=" & EOMONTH(DATE(2026,4,1), 0)) -> 0 | T21: =COUNTIFS(US!$A:$A, ">=" & DATE(2026,4,1), US!$A:$A, "<=" & EOMONTH(DATE(2026,4,1), 0), US!$H:$H, "Booket til time") -> 0 | U21: =R21/S21 -> #DIV/0! | V21: =R21/T21 -> #DIV/0! | W21: =Y21/R21 -> #DIV/0! | X21: =($S$32*T21)+AC21 -> 0 | Y21: =($S$33*T21)+AC21 -> 0 | Z21: =T21/S21 -> #DIV/0! | AA21: =T21*$S$32 -> 0 | AB21: =COUNTIFS(US!$A:$A, ">=" & DATE(2026,4,1), US!$A:$A, "<=" & EOMONTH(DATE(2026,4,1), 0), US!$G:$G, "Ja") -> 0 | AC21: =AB21*$S$34 -> 0 | AD21: =AB21/S21 -> #DIV/0! | AF21: =S21/AE21 -> #DIV/0!
Q22: Mai | R22: =R49+R65 -> 0 | S22: =COUNTIFS(US!$A:$A, ">=" & DATE(2026,5,1), US!$A:$A, "<=" & EOMONTH(DATE(2026,5,1), 0)) -> 0 | T22: =COUNTIFS(US!$A:$A, ">=" & DATE(2026,5,1), US!$A:$A, "<=" & EOMONTH(DATE(2026,5,1), 0), US!$H:$H, "Booket til time") -> 0 | U22: =R22/S22 -> #DIV/0! | V22: =R22/T22 -> #DIV/0! | W22: =Y22/R22 -> #DIV/0! | X22: =($S$32*T22)+AC22 -> 0 | Y22: =($S$33*T22)+AC22 -> 0 | Z22: =T22/S22 -> #DIV/0! | AA22: =T22*$S$32 -> 0 | AB22: =COUNTIFS(US!$A:$A, ">=" & DATE(2026,5,1), US!$A:$A, "<=" & EOMONTH(DATE(2026,5,1), 0), US!$G:$G, "Ja") -> 0 | AC22: =AB22*$S$34 -> 0 | AD22: =AB22/S22 -> #DIV/0! | AF22: =S22/AE22 -> #DIV/0!
Q23: Juni | R23: =R50+R66 -> 0 | S23: =COUNTIFS(US!$A:$A, ">=" & DATE(2026,6,1), US!$A:$A, "<=" & EOMONTH(DATE(2026,6,1), 0)) -> 0 | T23: =COUNTIFS(US!$A:$A, ">=" & DATE(2026,6,1), US!$A:$A, "<=" & EOMONTH(DATE(2026,6,1), 0), US!$H:$H, "Booket til time") -> 0 | U23: =R23/S23 -> #DIV/0! | V23: =R23/T23 -> #DIV/0! | W23: =Y23/R23 -> #DIV/0! | X23: =($S$32*T23)+AC23 -> 0 | Y23: =($S$33*T23)+AC23 -> 0 | Z23: =T23/S23 -> #DIV/0! | AA23: =T23*$S$32 -> 0 | AB23: =COUNTIFS(US!$A:$A, ">=" & DATE(2026,6,1), US!$A:$A, "<=" & EOMONTH(DATE(2026,6,1), 0), US!$G:$G, "Ja") -> 0 | AC23: =AB23*$S$34 -> 0 | AD23: =AB23/S23 -> #DIV/0! | AF23: =S23/AE23 -> #DIV/0!
Q24: Juli | R24: =R51+R67 -> 0 | S24: =COUNTIFS(US!$A:$A, ">=" & DATE(2026,7,1), US!$A:$A, "<=" & EOMONTH(DATE(2026,7,1), 0)) -> 19 | T24: =COUNTIFS(US!$A:$A, ">=" & DATE(2026,7,1), US!$A:$A, "<=" & EOMONTH(DATE(2026,7,1), 0), US!$H:$H, "Booket til time") -> 13 | U24: =R24/S24 -> 0 | V24: =R24/T24 -> 0 | W24: =Y24/R24 -> #DIV/0! | X24: =($S$32*T24)+AC24 -> 15140 | Y24: =($S$33*T24)+AC24 -> 33470 | Z24: =T24/S24 -> 0.68421053 | AA24: =T24*$S$32 -> 7670 | AB24: =COUNTIFS(US!$A:$A, ">=" & DATE(2026,7,1), US!$A:$A, "<=" & EOMONTH(DATE(2026,7,1), 0), US!$G:$G, "Ja") -> 3 | AC24: =AB24*$S$34 -> 7470 | AD24: =AB24/S24 -> 0.15789474 | AF24: =S24/AE24 -> #DIV/0!
Q25: August | R25: =R52+R68 -> 0 | S25: =COUNTIFS(US!$A:$A, ">=" & DATE(2026,8,1), US!$A:$A, "<=" & EOMONTH(DATE(2026,8,1), 0)) -> 0 | T25: =COUNTIFS(US!$A:$A, ">=" & DATE(2026,8,1), US!$A:$A, "<=" & EOMONTH(DATE(2026,8,1), 0), US!$H:$H, "Booket til time") -> 0 | U25: =R25/S25 -> #DIV/0! | V25: =R25/T25 -> #DIV/0! | W25: =Y25/R25 -> #DIV/0! | X25: =($S$32*T25)+AC25 -> 0 | Y25: =($S$33*T25)+AC25 -> 0 | Z25: =T25/S25 -> #DIV/0! | AA25: =T25*$S$32 -> 0 | AB25: =COUNTIFS(US!$A:$A, ">=" & DATE(2026,8,1), US!$A:$A, "<=" & EOMONTH(DATE(2026,8,1), 0), US!$G:$G, "Ja") -> 0 | AC25: =AB25*$S$34 -> 0 | AD25: =AB25/S25 -> #DIV/0! | AF25: =S25/AE25 -> #DIV/0!
Q26: September | R26: =R53+R69 -> 0 | S26: =COUNTIFS(US!$A:$A, ">=" & DATE(2026,9,1), US!$A:$A, "<=" & EOMONTH(DATE(2026,9,1), 0)) -> 0 | T26: =COUNTIFS(US!$A:$A, ">=" & DATE(2026,9,1), US!$A:$A, "<=" & EOMONTH(DATE(2026,9,1), 0), US!$H:$H, "Booket til time") -> 0 | U26: =R26/S26 -> #DIV/0! | V26: =R26/T26 -> #DIV/0! | W26: =Y26/R26 -> #DIV/0! | X26: =($S$32*T26)+AC26 -> 0 | Y26: =($S$33*T26)+AC26 -> 0 | Z26: =T26/S26 -> #DIV/0! | AA26: =T26*$S$32 -> 0 | AB26: =COUNTIFS(US!$A:$A, ">=" & DATE(2026,9,1), US!$A:$A, "<=" & EOMONTH(DATE(2026,9,1), 0), US!$G:$G, "Ja") -> 0 | AC26: =AB26*$S$34 -> 0 | AD26: =AB26/S26 -> #DIV/0! | AF26: =S26/AE26 -> #DIV/0!
Q27: Oktober | R27: =R54+R70 -> 0 | S27: =COUNTIFS(US!$A:$A, ">=" & DATE(2026,10,1), US!$A:$A, "<=" & EOMONTH(DATE(2026,10,1), 0)) -> 0 | T27: =COUNTIFS(US!$A:$A, ">=" & DATE(2026,10,1), US!$A:$A, "<=" & EOMONTH(DATE(2026,10,1), 0), US!$H:$H, "Booket til time") -> 0 | U27: =R27/S27 -> #DIV/0! | V27: =R27/T27 -> #DIV/0! | W27: =Y27/R27 -> #DIV/0! | X27: =($S$32*T27)+AC27 -> 0 | Y27: =($S$33*T27)+AC27 -> 0 | Z27: =T27/S27 -> #DIV/0! | AA27: =T27*$S$32 -> 0 | AB27: =COUNTIFS(US!$A:$A, ">=" & DATE(2026,10,1), US!$A:$A, "<=" & EOMONTH(DATE(2026,10,1), 0), US!$G:$G, "Ja") -> 0 | AC27: =AB27*$S$34 -> 0 | AD27: =AB27/S27 -> #DIV/0! | AF27: =S27/AE27 -> #DIV/0!
Q28: November | R28: =R55+R71 -> 0 | S28: =COUNTIFS(US!$A:$A, ">=" & DATE(2026,11,1), US!$A:$A, "<=" & EOMONTH(DATE(2026,11,1), 0)) -> 0 | T28: =COUNTIFS(US!$A:$A, ">=" & DATE(2026,11,1), US!$A:$A, "<=" & EOMONTH(DATE(2026,11,1), 0), US!$H:$H, "Booket til time") -> 0 | U28: =R28/S28 -> #DIV/0! | V28: =R28/T28 -> #DIV/0! | W28: =Y28/R28 -> #DIV/0! | X28: =($S$32*T28)+AC28 -> 0 | Y28: =($S$33*T28)+AC28 -> 0 | Z28: =T28/S28 -> #DIV/0! | AA28: =T28*$S$32 -> 0 | AB28: =COUNTIFS(US!$A:$A, ">=" & DATE(2026,11,1), US!$A:$A, "<=" & EOMONTH(DATE(2026,11,1), 0), US!$G:$G, "Ja") -> 0 | AC28: =AB28*$S$34 -> 0 | AD28: =AB28/S28 -> #DIV/0! | AF28: =S28/AE28 -> #DIV/0!
Q29: Desember | R29: =R56+R72 -> 0 | S29: =COUNTIFS(US!$A:$A, ">=" & DATE(2026,12,1), US!$A:$A, "<=" & EOMONTH(DATE(2026,12,1), 0)) -> 0 | T29: =COUNTIFS(US!$A:$A, ">=" & DATE(2026,12,1), US!$A:$A, "<=" & EOMONTH(DATE(2026,12,1), 0), US!$H:$H, "Booket til time") -> 0 | U29: =R29/S29 -> #DIV/0! | V29: =R29/T29 -> #DIV/0! | W29: =Y29/R29 -> #DIV/0! | X29: =($S$32*T29)+AC29 -> 0 | Y29: =($S$33*T29)+AC29 -> 0 | Z29: =T29/S29 -> #DIV/0! | AA29: =T29*$S$32 -> 0 | AB29: =COUNTIFS(US!$A:$A, ">=" & DATE(2026,12,1), US!$A:$A, "<=" & EOMONTH(DATE(2026,12,1), 0), US!$G:$G, "Ja") -> 0 | AC29: =AB29*$S$34 -> 0 | AD29: =AB29/S29 -> #DIV/0! | AF29: =S29/AE29 -> #DIV/0!
Q30: Totalt | R30: =SUM(R18:R29) -> 0 | S30: =SUM(S18:S29) -> 19 | T30: =SUM(T18:T29) -> 13 | U30: =R30/S30 -> 0 | V30: =R30/T30 -> 0 | W30: =Y30/R30 -> #DIV/0! | X30: =SUM(X18:X29) -> 15140 | Y30: =SUM(Y18:Y29) -> 33470 | Z30: =T30/S30 -> 0.68421053 | AA30: =SUM(AA18:AA29) -> 7670 | AB30: =SUM(AB18:AB29) -> 3 | AC30: =SUM(AC18:AC29) -> 7470 | AD30: =AB30/S30 -> 0.15789474 | AE30: =SUM(AE18:AE29) -> 0 | AF30: =S30/AE30 -> #DIV/0!
Q32: Omsetning | S32: 590 | U32: URL
Q33: Potensiell omsetning | S33: 2000 | U33: {=UNIQUE(US!Z:Z)} -> post url
Q34: Oppsalg tannbleking | S34: 2490 | X34: =COUNTIF(US!Z:Z,U34) -> 0
Q35: US Leads yesterday | S35: =COUNTIF(US!$A:$A, TODAY()-1) -> 0 | X35: =COUNTIF(US!Z:Z,U35) -> 0
Q36: US Leads today | S36: =COUNTIF(US!$A:$A, TODAY()) -> 0 | X36: =SUM(X34:X35) -> 0
Q37: US Leads this month | S37: =COUNTIFS(US!$A:$A, ">=" & EOMONTH(TODAY(), -1) + 1, US!$A:$A, "<=" & EOMONTH(TODAY(), 0)) -> 19
Q43: META
Q44: Måned | R44: Beløp brukt | S44: Antall henvendelser | T44: Antall pasienter | U44: Kostnad per henvendelse | V44: Kostnad per pasient | W44: ROAS | X44: Omsetning fra kampanje | Y44: Potensiell omsetning | Z44: US Bookingrate | AA44: Omsetning fra US | AB44: Antall oppsalg | AC44: Omsetning fra oppsalg | AD44: CVR Upsale | AE44: Meta Link Clicks | AF44: CVR Exam
Q45: Januar | R45: 0 | S45: =COUNTIFS(US!$A:$A, ">=" & DATE(YEAR(TODAY()),1,1), US!$A:$A, "<=" & EOMONTH(DATE(YEAR(TODAY()),1,1), 0)) -> 0 | T45: =COUNTIFS(US!$A:$A, ">=" & DATE(YEAR(TODAY()),1,1), US!$A:$A, "<=" & EOMONTH(DATE(YEAR(TODAY()),1,1), 0), US!$H:$H, "Booket til time") -> 0 | U45: =R45/S45 -> #DIV/0! | V45: =R45/T45 -> #DIV/0! | W45: =$B$88 -> #DIV/0! | X45: =($S$32*T45)+AC45 -> 0 | Y45: =($S$33*T45)+AC45 -> 0 | Z45: =$F$79 -> #DIV/0! | AA45: =T45*$S$32 -> 0 | AB45: =COUNTIFS(US!$A:$A, ">=" & DATE(YEAR(TODAY()),1,1), US!$A:$A, "<=" & EOMONTH(DATE(YEAR(TODAY()),1,1), 0), US!$G:$G, "Ja") -> 0 | AC45: =AB45*$S$34 -> 0 | AD45: =F115/D106 -> #DIV/0! | AE45: 0 | AF45: =S45/AE45 -> #DIV/0!
Q46: Februar | R46: 0 | S46: =COUNTIFS(US!$A:$A, ">=" & DATE(YEAR(TODAY()),2,1), US!$A:$A, "<=" & EOMONTH(DATE(YEAR(TODAY()),2,1), 0)) -> 0 | T46: =COUNTIFS(US!$A:$A, ">=" & DATE(YEAR(TODAY()),2,1), US!$A:$A, "<=" & EOMONTH(DATE(YEAR(TODAY()),2,1), 0), US!$H:$H, "Booket til time") -> 0 | U46: =R46/S46 -> #DIV/0! | V46: =R46/T46 -> #DIV/0! | W46: =$H$88 -> #DIV/0! | X46: =($S$32*T46)+AC46 -> 0 | Y46: =($S$33*T46)+AC46 -> 0 | Z46: =$L$79 -> #DIV/0! | AA46: =T46*$S$32 -> 0 | AB46: =COUNTIFS(US!$A:$A, ">=" & DATE(YEAR(TODAY()),2,1), US!$A:$A, "<=" & EOMONTH(DATE(YEAR(TODAY()),2,1), 0), US!$G:$G, "Ja") -> 0 | AC46: =AB46*$S$34 -> 0 | AD46: =L115/J106 -> #DIV/0! | AE46: 0 | AF46: =S46/AE46 -> #DIV/0!
Q47: Mars | R47: 0 | S47: =COUNTIFS(US!$A:$A, ">=" & DATE(YEAR(TODAY()),3,1), US!$A:$A, "<=" & EOMONTH(DATE(YEAR(TODAY()),3,1), 0)) -> 0 | T47: =COUNTIFS(US!$A:$A, ">=" & DATE(YEAR(TODAY()),3,1), US!$A:$A, "<=" & EOMONTH(DATE(YEAR(TODAY()),3,1), 0), US!$H:$H, "Booket til time") -> 0 | U47: =R47/S47 -> #DIV/0! | V47: =R47/T47 -> #DIV/0! | W47: =$B$104 -> #DIV/0! | X47: =($S$32*T47)+AC47 -> 0 | Y47: =($S$33*T47)+AC47 -> 0 | Z47: =$F$95 -> #DIV/0! | AA47: =T47*$S$32 -> 0 | AB47: =COUNTIFS(US!$A:$A, ">=" & DATE(YEAR(TODAY()),3,1), US!$A:$A, "<=" & EOMONTH(DATE(YEAR(TODAY()),3,1), 0), US!$G:$G, "Ja") -> 0 | AC47: =AB47*$S$34 -> 0 | AD47: =L116/J107 -> #VALUE! | AE47: 125 | AF47: =S47/AE47 -> 0
Q48: April | R48: 0 | S48: =COUNTIFS(US!$A:$A, ">=" & DATE(YEAR(TODAY()),4,1), US!$A:$A, "<=" & EOMONTH(DATE(YEAR(TODAY()),4,1), 0)) -> 0 | T48: =COUNTIFS(US!$A:$A, ">=" & DATE(YEAR(TODAY()),4,1), US!$A:$A, "<=" & EOMONTH(DATE(YEAR(TODAY()),4,1), 0), US!$H:$H, "Booket til time") -> 0 | U48: =R48/S48 -> #DIV/0! | V48: =R48/T48 -> #DIV/0! | W48: =$H$104 -> #DIV/0! | X48: =($S$32*T48)+AC48 -> 0 | Y48: =($S$33*T48)+AC48 -> 0 | Z48: =$L$95 -> #DIV/0! | AA48: =T48*$S$32 -> 0 | AB48: =COUNTIFS(US!$A:$A, ">=" & DATE(YEAR(TODAY()),4,1), US!$A:$A, "<=" & EOMONTH(DATE(YEAR(TODAY()),4,1), 0), US!$G:$G, "Ja") -> 0 | AC48: =AB48*$S$34 -> 0 | AD48: =AB48/S48 -> #DIV/0! | AF48: =S48/AE48 -> #DIV/0!
Q49: Mai | R49: 0 | S49: =COUNTIFS(US!$A:$A, ">=" & DATE(YEAR(TODAY()),5,1), US!$A:$A, "<=" & EOMONTH(DATE(YEAR(TODAY()),5,1), 0)) -> 0 | T49: =COUNTIFS(US!$A:$A, ">=" & DATE(YEAR(TODAY()),5,1), US!$A:$A, "<=" & EOMONTH(DATE(YEAR(TODAY()),5,1), 0), US!$H:$H, "Booket til time") -> 0 | U49: =R49/S49 -> #DIV/0! | V49: =R49/T49 -> #DIV/0! | W49: =$B$120 -> #DIV/0! | X49: =($S$32*T49)+AC49 -> 0 | Y49: =($S$33*T49)+AC49 -> 0 | Z49: =$F$111 -> #DIV/0! | AA49: =T49*$S$32 -> 0 | AB49: =COUNTIFS(US!$A:$A, ">=" & DATE(YEAR(TODAY()),5,1), US!$A:$A, "<=" & EOMONTH(DATE(YEAR(TODAY()),5,1), 0), US!$G:$G, "Ja") -> 0 | AC49: =AB49*$S$34 -> 0 | AD49: =AB49/S49 -> #DIV/0! | AF49: =S49/AE49 -> #DIV/0!
Q50: Juni | R50: 0 | S50: =COUNTIFS(US!$A:$A, ">=" & DATE(YEAR(TODAY()),6,1), US!$A:$A, "<=" & EOMONTH(DATE(YEAR(TODAY()),6,1), 0)) -> 0 | T50: =COUNTIFS(US!$A:$A, ">=" & DATE(YEAR(TODAY()),6,1), US!$A:$A, "<=" & EOMONTH(DATE(YEAR(TODAY()),6,1), 0), US!$H:$H, "Booket til time") -> 0 | U50: =R50/S50 -> #DIV/0! | V50: =R50/T50 -> #DIV/0! | W50: =$H$120 -> #DIV/0! | X50: =($S$32*T50)+AC50 -> 0 | Y50: =($S$33*T50)+AC50 -> 0 | Z50: =$L$111 -> #DIV/0! | AA50: =T50*$S$32 -> 0 | AB50: =COUNTIFS(US!$A:$A, ">=" & DATE(YEAR(TODAY()),6,1), US!$A:$A, "<=" & EOMONTH(DATE(YEAR(TODAY()),6,1), 0), US!$G:$G, "Ja") -> 0 | AC50: =AB50*$S$34 -> 0 | AD50: =AB50/S50 -> #DIV/0! | AF50: =S50/AE50 -> #DIV/0!
Q51: Juli | R51: 0 | S51: =COUNTIFS(US!$A:$A, ">=" & DATE(YEAR(TODAY()),7,1), US!$A:$A, "<=" & EOMONTH(DATE(YEAR(TODAY()),7,1), 0)) -> 19 | T51: =COUNTIFS(US!$A:$A, ">=" & DATE(YEAR(TODAY()),7,1), US!$A:$A, "<=" & EOMONTH(DATE(YEAR(TODAY()),7,1), 0), US!$H:$H, "Booket til time") -> 13 | U51: =R51/S51 -> 0 | V51: =R51/T51 -> 0 | W51: =$B$136 -> #DIV/0! | X51: =($S$32*T51)+AC51 -> 15140 | Y51: =($S$33*T51)+AC51 -> 33470 | Z51: =$F$127 -> 0.68421053 | AA51: =T51*$S$32 -> 7670 | AB51: =COUNTIFS(US!$A:$A, ">=" & DATE(YEAR(TODAY()),7,1), US!$A:$A, "<=" & EOMONTH(DATE(YEAR(TODAY()),7,1), 0), US!$G:$G, "Ja") -> 3 | AC51: =AB51*$S$34 -> 7470 | AD51: =AB51/S51 -> 0.15789474 | AF51: =S51/AE51 -> #DIV/0!
Q52: August | R52: 0 | S52: =COUNTIFS(US!$A:$A, ">=" & DATE(YEAR(TODAY()),8,1), US!$A:$A, "<=" & EOMONTH(DATE(YEAR(TODAY()),8,1), 0)) -> 0 | T52: =COUNTIFS(US!$A:$A, ">=" & DATE(YEAR(TODAY()),8,1), US!$A:$A, "<=" & EOMONTH(DATE(YEAR(TODAY()),8,1), 0), US!$H:$H, "Booket til time") -> 0 | U52: =R52/S52 -> #DIV/0! | V52: =R52/T52 -> #DIV/0! | W52: =$H$136 -> #DIV/0! | X52: =($S$32*T52)+AC52 -> 0 | Y52: =($S$33*T52)+AC52 -> 0 | Z52: =$L$127 -> #DIV/0! | AA52: =T52*$S$32 -> 0 | AB52: =COUNTIFS(US!$A:$A, ">=" & DATE(YEAR(TODAY()),8,1), US!$A:$A, "<=" & EOMONTH(DATE(YEAR(TODAY()),8,1), 0), US!$G:$G, "Ja") -> 0 | AC52: =AB52*$S$34 -> 0 | AD52: =AB52/S52 -> #DIV/0! | AF52: =S52/AE52 -> #DIV/0!
Q53: September | R53: 0 | S53: =COUNTIFS(US!$A:$A, ">=" & DATE(YEAR(TODAY()),9,1), US!$A:$A, "<=" & EOMONTH(DATE(YEAR(TODAY()),9,1), 0)) -> 0 | T53: =COUNTIFS(US!$A:$A, ">=" & DATE(YEAR(TODAY()),9,1), US!$A:$A, "<=" & EOMONTH(DATE(YEAR(TODAY()),9,1), 0), US!$H:$H, "Booket til time") -> 0 | U53: =R53/S53 -> #DIV/0! | V53: =R53/T53 -> #DIV/0! | W53: =$B$152 -> #DIV/0! | X53: =($S$32*T53)+AC53 -> 0 | Y53: =($S$33*T53)+AC53 -> 0 | Z53: =$F$143 -> #DIV/0! | AA53: =T53*$S$32 -> 0 | AB53: =COUNTIFS(US!$A:$A, ">=" & DATE(YEAR(TODAY()),9,1), US!$A:$A, "<=" & EOMONTH(DATE(YEAR(TODAY()),9,1), 0), US!$G:$G, "Ja") -> 0 | AC53: =AB53*$S$34 -> 0 | AD53: =AB53/S53 -> #DIV/0! | AF53: =S53/AE53 -> #DIV/0!
Q54: Oktober | R54: 0 | S54: =COUNTIFS(US!$A:$A, ">=" & DATE(YEAR(TODAY()),10,1), US!$A:$A, "<=" & EOMONTH(DATE(YEAR(TODAY()),10,1), 0)) -> 0 | T54: =COUNTIFS(US!$A:$A, ">=" & DATE(YEAR(TODAY()),10,1), US!$A:$A, "<=" & EOMONTH(DATE(YEAR(TODAY()),10,1), 0), US!$H:$H, "Booket til time") -> 0 | U54: =R54/S54 -> #DIV/0! | V54: =R54/T54 -> #DIV/0! | W54: =$H$152 -> #DIV/0! | X54: =($S$32*T54)+AC54 -> 0 | Y54: =($S$33*T54)+AC54 -> 0 | Z54: =$L$143 -> #DIV/0! | AA54: =T54*$S$32 -> 0 | AB54: =COUNTIFS(US!$A:$A, ">=" & DATE(YEAR(TODAY()),10,1), US!$A:$A, "<=" & EOMONTH(DATE(YEAR(TODAY()),10,1), 0), US!$G:$G, "Ja") -> 0 | AC54: =AB54*$S$34 -> 0 | AD54: =AB54/S54 -> #DIV/0! | AF54: =S54/AE54 -> #DIV/0!
Q55: November | R55: 0 | S55: =COUNTIFS(US!$A:$A, ">=" & DATE(YEAR(TODAY()),11,1), US!$A:$A, "<=" & EOMONTH(DATE(YEAR(TODAY()),11,1), 0)) -> 0 | T55: =COUNTIFS(US!$A:$A, ">=" & DATE(YEAR(TODAY()),11,1), US!$A:$A, "<=" & EOMONTH(DATE(YEAR(TODAY()),11,1), 0), US!$H:$H, "Booket til time") -> 0 | U55: =R55/S55 -> #DIV/0! | V55: =R55/T55 -> #DIV/0! | W55: =$B$168 -> #DIV/0! | X55: =($S$32*T55)+AC55 -> 0 | Y55: =($S$33*T55)+AC55 -> 0 | Z55: =$F$159 -> #DIV/0! | AA55: =T55*$S$32 -> 0 | AB55: =COUNTIFS(US!$A:$A, ">=" & DATE(YEAR(TODAY()),11,1), US!$A:$A, "<=" & EOMONTH(DATE(YEAR(TODAY()),11,1), 0), US!$G:$G, "Ja") -> 0 | AC55: =AB55*$S$34 -> 0 | AD55: =AB55/S55 -> #DIV/0! | AF55: =S55/AE55 -> #DIV/0!
Q56: Desember | R56: 0 | S56: =COUNTIFS(US!$A:$A, ">=" & DATE(YEAR(TODAY()),12,1), US!$A:$A, "<=" & EOMONTH(DATE(YEAR(TODAY()),12,1), 0)) -> 0 | T56: =COUNTIFS(US!$A:$A, ">=" & DATE(YEAR(TODAY()),12,1), US!$A:$A, "<=" & EOMONTH(DATE(YEAR(TODAY()),12,1), 0), US!$H:$H, "Booket til time") -> 0 | U56: =R56/S56 -> #DIV/0! | V56: =R56/T56 -> #DIV/0! | W56: =$H$168 -> #DIV/0! | X56: =($S$32*T56)+AC56 -> 0 | Y56: =($S$33*T56)+AC56 -> 0 | Z56: =$L$159 -> #DIV/0! | AA56: =T56*$S$32 -> 0 | AB56: =COUNTIFS(US!$A:$A, ">=" & DATE(YEAR(TODAY()),12,1), US!$A:$A, "<=" & EOMONTH(DATE(YEAR(TODAY()),12,1), 0), US!$G:$G, "Ja") -> 0 | AC56: =AB56*$S$34 -> 0 | AD56: =AB56/S56 -> #DIV/0! | AF56: =S56/AE56 -> #DIV/0!
Q57: Totalt | R57: =SUM(R45:R56) -> 0 | S57: =SUM(S45:S56) -> 19 | T57: =SUM(T45:T56) -> 13 | U57: =R57/S57 -> 0 | V57: =R57/T57 -> 0 | W57: =Y57/R57 -> #DIV/0! | X57: =SUM(X45:X56) -> 15140 | Y57: =SUM(Y45:Y56) -> 33470 | Z57: =T57/S57 -> 0.68421053 | AA57: =SUM(AA45:AA56) -> 7670 | AB57: =SUM(AB45:AB56) -> 3 | AC57: =SUM(AC45:AC56) -> 7470 | AD57: =AB57/S57 -> 0.15789474 | AE57: =SUM(AE45:AE56) -> 125 | AF57: =S57/AE57 -> 0.152
Q59: TIKTOK
Q60: Måned | R60: Beløp brukt | S60: Antall henvendelser | T60: Antall pasienter | U60: Kostnad per henvendelse | V60: Kostnad per pasient | W60: ROAS | X60: Omsetning fra kampanje | Y60: Potensiell omsetning | Z60: US Bookingrate | AA60: Omsetning fra US | AB60: Antall oppsalg | AC60: Omsetning fra oppsalg | AD60: CVR Upsale | AE60: Meta Link Clicks | AF60: CVR Exam
Q61: Januar | R61: 0 | S61: =COUNTIFS(US!$A:$A, ">=" & DATE(YEAR(TODAY()),1,1), US!$A:$A, "<=" & EOMONTH(DATE(YEAR(TODAY()),1,1), 0)) -> 0 | T61: =COUNTIFS(US!$A:$A, ">=" & DATE(YEAR(TODAY()),1,1), US!$A:$A, "<=" & EOMONTH(DATE(YEAR(TODAY()),1,1), 0), US!$H:$H, "Booket til time") -> 0 | U61: =R61/S61 -> #DIV/0! | V61: =R61/T61 -> #DIV/0! | W61: =$B$88 -> #DIV/0! | X61: =($S$32*T61)+AC61 -> 0 | Y61: =($S$33*T61)+AC61 -> 0 | Z61: =$F$79 -> #DIV/0! | AA61: =T61*$S$32 -> 0 | AB61: =COUNTIFS(US!$A:$A, ">=" & DATE(YEAR(TODAY()),1,1), US!$A:$A, "<=" & EOMONTH(DATE(YEAR(TODAY()),1,1), 0), US!$G:$G, "Ja") -> 0 | AC61: =AB61*$S$34 -> 0 | AD61: =F131/D122 -> #DIV/0! | AE61: 0 | AF61: =S61/AE61 -> #DIV/0!
Q62: Februar | R62: 0 | S62: =COUNTIFS(US!$A:$A, ">=" & DATE(YEAR(TODAY()),2,1), US!$A:$A, "<=" & EOMONTH(DATE(YEAR(TODAY()),2,1), 0)) -> 0 | T62: =COUNTIFS(US!$A:$A, ">=" & DATE(YEAR(TODAY()),2,1), US!$A:$A, "<=" & EOMONTH(DATE(YEAR(TODAY()),2,1), 0), US!$H:$H, "Booket til time") -> 0 | U62: =R62/S62 -> #DIV/0! | V62: =R62/T62 -> #DIV/0! | W62: =$H$88 -> #DIV/0! | X62: =($S$32*T62)+AC62 -> 0 | Y62: =($S$33*T62)+AC62 -> 0 | Z62: =$L$79 -> #DIV/0! | AA62: =T62*$S$32 -> 0 | AB62: =COUNTIFS(US!$A:$A, ">=" & DATE(YEAR(TODAY()),2,1), US!$A:$A, "<=" & EOMONTH(DATE(YEAR(TODAY()),2,1), 0), US!$G:$G, "Ja") -> 0 | AC62: =AB62*$S$34 -> 0 | AD62: =L131/J122 -> #DIV/0! | AE62: 0 | AF62: =S62/AE62 -> #DIV/0!
Q63: Mars | R63: 0 | S63: =COUNTIFS(US!$A:$A, ">=" & DATE(YEAR(TODAY()),3,1), US!$A:$A, "<=" & EOMONTH(DATE(YEAR(TODAY()),3,1), 0)) -> 0 | T63: =COUNTIFS(US!$A:$A, ">=" & DATE(YEAR(TODAY()),3,1), US!$A:$A, "<=" & EOMONTH(DATE(YEAR(TODAY()),3,1), 0), US!$H:$H, "Booket til time") -> 0 | U63: =R63/S63 -> #DIV/0! | V63: =R63/T63 -> #DIV/0! | W63: =$B$104 -> #DIV/0! | X63: =($S$32*T63)+AC63 -> 0 | Y63: =($S$33*T63)+AC63 -> 0 | Z63: =$F$95 -> #DIV/0! | AA63: =T63*$S$32 -> 0 | AB63: =COUNTIFS(US!$A:$A, ">=" & DATE(YEAR(TODAY()),3,1), US!$A:$A, "<=" & EOMONTH(DATE(YEAR(TODAY()),3,1), 0), US!$G:$G, "Ja") -> 0 | AC63: =AB63*$S$34 -> 0 | AD63: =L132/J123 -> #VALUE! | AE63: 123 | AF63: =S63/AE63 -> 0
Q64: April | R64: 0 | S64: =COUNTIFS(US!$A:$A, ">=" & DATE(YEAR(TODAY()),4,1), US!$A:$A, "<=" & EOMONTH(DATE(YEAR(TODAY()),4,1), 0)) -> 0 | T64: =COUNTIFS(US!$A:$A, ">=" & DATE(YEAR(TODAY()),4,1), US!$A:$A, "<=" & EOMONTH(DATE(YEAR(TODAY()),4,1), 0), US!$H:$H, "Booket til time") -> 0 | U64: =R64/S64 -> #DIV/0! | V64: =R64/T64 -> #DIV/0! | W64: =$H$104 -> #DIV/0! | X64: =($S$32*T64)+AC64 -> 0 | Y64: =($S$33*T64)+AC64 -> 0 | Z64: =$L$95 -> #DIV/0! | AA64: =T64*$S$32 -> 0 | AB64: =COUNTIFS(US!$A:$A, ">=" & DATE(YEAR(TODAY()),4,1), US!$A:$A, "<=" & EOMONTH(DATE(YEAR(TODAY()),4,1), 0), US!$G:$G, "Ja") -> 0 | AC64: =AB64*$S$34 -> 0 | AD64: =AB64/S64 -> #DIV/0! | AF64: =S64/AE64 -> #DIV/0!
Q65: Mai | R65: 0 | S65: =COUNTIFS(US!$A:$A, ">=" & DATE(YEAR(TODAY()),5,1), US!$A:$A, "<=" & EOMONTH(DATE(YEAR(TODAY()),5,1), 0)) -> 0 | T65: =COUNTIFS(US!$A:$A, ">=" & DATE(YEAR(TODAY()),5,1), US!$A:$A, "<=" & EOMONTH(DATE(YEAR(TODAY()),5,1), 0), US!$H:$H, "Booket til time") -> 0 | U65: =R65/S65 -> #DIV/0! | V65: =R65/T65 -> #DIV/0! | W65: =$B$120 -> #DIV/0! | X65: =($S$32*T65)+AC65 -> 0 | Y65: =($S$33*T65)+AC65 -> 0 | Z65: =$F$111 -> #DIV/0! | AA65: =T65*$S$32 -> 0 | AB65: =COUNTIFS(US!$A:$A, ">=" & DATE(YEAR(TODAY()),5,1), US!$A:$A, "<=" & EOMONTH(DATE(YEAR(TODAY()),5,1), 0), US!$G:$G, "Ja") -> 0 | AC65: =AB65*$S$34 -> 0 | AD65: =AB65/S65 -> #DIV/0! | AF65: =S65/AE65 -> #DIV/0!
Q66: Juni | R66: 0 | S66: =COUNTIFS(US!$A:$A, ">=" & DATE(YEAR(TODAY()),6,1), US!$A:$A, "<=" & EOMONTH(DATE(YEAR(TODAY()),6,1), 0)) -> 0 | T66: =COUNTIFS(US!$A:$A, ">=" & DATE(YEAR(TODAY()),6,1), US!$A:$A, "<=" & EOMONTH(DATE(YEAR(TODAY()),6,1), 0), US!$H:$H, "Booket til time") -> 0 | U66: =R66/S66 -> #DIV/0! | V66: =R66/T66 -> #DIV/0! | W66: =$H$120 -> #DIV/0! | X66: =($S$32*T66)+AC66 -> 0 | Y66: =($S$33*T66)+AC66 -> 0 | Z66: =$L$111 -> #DIV/0! | AA66: =T66*$S$32 -> 0 | AB66: =COUNTIFS(US!$A:$A, ">=" & DATE(YEAR(TODAY()),6,1), US!$A:$A, "<=" & EOMONTH(DATE(YEAR(TODAY()),6,1), 0), US!$G:$G, "Ja") -> 0 | AC66: =AB66*$S$34 -> 0 | AD66: =AB66/S66 -> #DIV/0! | AF66: =S66/AE66 -> #DIV/0!
Q67: Juli | R67: 0 | S67: =COUNTIFS(US!$A:$A, ">=" & DATE(YEAR(TODAY()),7,1), US!$A:$A, "<=" & EOMONTH(DATE(YEAR(TODAY()),7,1), 0)) -> 19 | T67: =COUNTIFS(US!$A:$A, ">=" & DATE(YEAR(TODAY()),7,1), US!$A:$A, "<=" & EOMONTH(DATE(YEAR(TODAY()),7,1), 0), US!$H:$H, "Booket til time") -> 13 | U67: =R67/S67 -> 0 | V67: =R67/T67 -> 0 | W67: =$B$136 -> #DIV/0! | X67: =($S$32*T67)+AC67 -> 15140 | Y67: =($S$33*T67)+AC67 -> 33470 | Z67: =$F$127 -> 0.68421053 | AA67: =T67*$S$32 -> 7670 | AB67: =COUNTIFS(US!$A:$A, ">=" & DATE(YEAR(TODAY()),7,1), US!$A:$A, "<=" & EOMONTH(DATE(YEAR(TODAY()),7,1), 0), US!$G:$G, "Ja") -> 3 | AC67: =AB67*$S$34 -> 7470 | AD67: =AB67/S67 -> 0.15789474 | AF67: =S67/AE67 -> #DIV/0!
Q68: August | R68: 0 | S68: =COUNTIFS(US!$A:$A, ">=" & DATE(YEAR(TODAY()),8,1), US!$A:$A, "<=" & EOMONTH(DATE(YEAR(TODAY()),8,1), 0)) -> 0 | T68: =COUNTIFS(US!$A:$A, ">=" & DATE(YEAR(TODAY()),8,1), US!$A:$A, "<=" & EOMONTH(DATE(YEAR(TODAY()),8,1), 0), US!$H:$H, "Booket til time") -> 0 | U68: =R68/S68 -> #DIV/0! | V68: =R68/T68 -> #DIV/0! | W68: =$H$136 -> #DIV/0! | X68: =($S$32*T68)+AC68 -> 0 | Y68: =($S$33*T68)+AC68 -> 0 | Z68: =$L$127 -> #DIV/0! | AA68: =T68*$S$32 -> 0 | AB68: =COUNTIFS(US!$A:$A, ">=" & DATE(YEAR(TODAY()),8,1), US!$A:$A, "<=" & EOMONTH(DATE(YEAR(TODAY()),8,1), 0), US!$G:$G, "Ja") -> 0 | AC68: =AB68*$S$34 -> 0 | AD68: =AB68/S68 -> #DIV/0! | AF68: =S68/AE68 -> #DIV/0!
Q69: September | R69: 0 | S69: =COUNTIFS(US!$A:$A, ">=" & DATE(YEAR(TODAY()),9,1), US!$A:$A, "<=" & EOMONTH(DATE(YEAR(TODAY()),9,1), 0)) -> 0 | T69: =COUNTIFS(US!$A:$A, ">=" & DATE(YEAR(TODAY()),9,1), US!$A:$A, "<=" & EOMONTH(DATE(YEAR(TODAY()),9,1), 0), US!$H:$H, "Booket til time") -> 0 | U69: =R69/S69 -> #DIV/0! | V69: =R69/T69 -> #DIV/0! | W69: =$B$152 -> #DIV/0! | X69: =($S$32*T69)+AC69 -> 0 | Y69: =($S$33*T69)+AC69 -> 0 | Z69: =$F$143 -> #DIV/0! | AA69: =T69*$S$32 -> 0 | AB69: =COUNTIFS(US!$A:$A, ">=" & DATE(YEAR(TODAY()),9,1), US!$A:$A, "<=" & EOMONTH(DATE(YEAR(TODAY()),9,1), 0), US!$G:$G, "Ja") -> 0 | AC69: =AB69*$S$34 -> 0 | AD69: =AB69/S69 -> #DIV/0! | AF69: =S69/AE69 -> #DIV/0!
Q70: Oktober | R70: 0 | S70: =COUNTIFS(US!$A:$A, ">=" & DATE(YEAR(TODAY()),10,1), US!$A:$A, "<=" & EOMONTH(DATE(YEAR(TODAY()),10,1), 0)) -> 0 | T70: =COUNTIFS(US!$A:$A, ">=" & DATE(YEAR(TODAY()),10,1), US!$A:$A, "<=" & EOMONTH(DATE(YEAR(TODAY()),10,1), 0), US!$H:$H, "Booket til time") -> 0 | U70: =R70/S70 -> #DIV/0! | V70: =R70/T70 -> #DIV/0! | W70: =$H$152 -> #DIV/0! | X70: =($S$32*T70)+AC70 -> 0 | Y70: =($S$33*T70)+AC70 -> 0 | Z70: =$L$143 -> #DIV/0! | AA70: =T70*$S$32 -> 0 | AB70: =COUNTIFS(US!$A:$A, ">=" & DATE(YEAR(TODAY()),10,1), US!$A:$A, "<=" & EOMONTH(DATE(YEAR(TODAY()),10,1), 0), US!$G:$G, "Ja") -> 0 | AC70: =AB70*$S$34 -> 0 | AD70: =AB70/S70 -> #DIV/0! | AF70: =S70/AE70 -> #DIV/0!
Q71: November | R71: 0 | S71: =COUNTIFS(US!$A:$A, ">=" & DATE(YEAR(TODAY()),11,1), US!$A:$A, "<=" & EOMONTH(DATE(YEAR(TODAY()),11,1), 0)) -> 0 | T71: =COUNTIFS(US!$A:$A, ">=" & DATE(YEAR(TODAY()),11,1), US!$A:$A, "<=" & EOMONTH(DATE(YEAR(TODAY()),11,1), 0), US!$H:$H, "Booket til time") -> 0 | U71: =R71/S71 -> #DIV/0! | V71: =R71/T71 -> #DIV/0! | W71: =$B$168 -> #DIV/0! | X71: =($S$32*T71)+AC71 -> 0 | Y71: =($S$33*T71)+AC71 -> 0 | Z71: =$F$159 -> #DIV/0! | AA71: =T71*$S$32 -> 0 | AB71: =COUNTIFS(US!$A:$A, ">=" & DATE(YEAR(TODAY()),11,1), US!$A:$A, "<=" & EOMONTH(DATE(YEAR(TODAY()),11,1), 0), US!$G:$G, "Ja") -> 0 | AC71: =AB71*$S$34 -> 0 | AD71: =AB71/S71 -> #DIV/0! | AF71: =S71/AE71 -> #DIV/0!
Q72: Desember | R72: 0 | S72: =COUNTIFS(US!$A:$A, ">=" & DATE(YEAR(TODAY()),12,1), US!$A:$A, "<=" & EOMONTH(DATE(YEAR(TODAY()),12,1), 0)) -> 0 | T72: =COUNTIFS(US!$A:$A, ">=" & DATE(YEAR(TODAY()),12,1), US!$A:$A, "<=" & EOMONTH(DATE(YEAR(TODAY()),12,1), 0), US!$H:$H, "Booket til time") -> 0 | U72: =R72/S72 -> #DIV/0! | V72: =R72/T72 -> #DIV/0! | W72: =$H$168 -> #DIV/0! | X72: =($S$32*T72)+AC72 -> 0 | Y72: =($S$33*T72)+AC72 -> 0 | Z72: =$L$159 -> #DIV/0! | AA72: =T72*$S$32 -> 0 | AB72: =COUNTIFS(US!$A:$A, ">=" & DATE(YEAR(TODAY()),12,1), US!$A:$A, "<=" & EOMONTH(DATE(YEAR(TODAY()),12,1), 0), US!$G:$G, "Ja") -> 0 | AC72: =AB72*$S$34 -> 0 | AD72: =AB72/S72 -> #DIV/0! | AF72: =S72/AE72 -> #DIV/0!
Q73: Totalt | R73: =SUM(R61:R72) -> 0 | S73: =SUM(S61:S72) -> 19 | T73: =SUM(T61:T72) -> 13 | U73: =R73/S73 -> 0 | V73: =R73/T73 -> 0 | W73: =Y73/R73 -> #DIV/0! | X73: =SUM(X61:X72) -> 15140 | Y73: =SUM(Y61:Y72) -> 33470 | Z73: =T73/S73 -> 0.68421053 | AA73: =SUM(AA61:AA72) -> 7670 | AB73: =SUM(AB61:AB72) -> 3 | AC73: =SUM(AC61:AC72) -> 7470 | AD73: =AB73/S73 -> 0.15789474 | AE73: =SUM(AE61:AE72) -> 123 | AF73: =S73/AE73 -> 0.15447154
B76: Januar 2025 | H76: Februar 2025
B78: Kostnad per henvendelse | D78: Antall henvendelser | F78: Bookingsrate US | H78: Kostnad per henvendelse | J78: Antall henvendelser | L78: Bookingsrate US
B79: =$U$18 -> #DIV/0! | D79: =$S$18 -> 0 | F79: =$Z$18 -> #DIV/0! | H79: =$U$19 -> #DIV/0! | J79: =$S$19 -> 0 | L79: =$Z$19 -> #DIV/0!
B81: Kostnad per pasient | D81: Antall nye pasienter | F81: Omsetning fra US | H81: Kostnad per pasient | J81: Antall nye pasienter | L81: Omsetning fra US
B82: =$V$18 -> #DIV/0! | D82: =$T$18 -> 0 | F82: =$AA$18 -> 0 | H82: =$V$19 -> #DIV/0! | J82: =$T$19 -> 0 | L82: =$AA$19 -> 0
B84: Beløp brukt | D84: Omsetning fra kampanje | F84: Omsetning fra oppsalg | H84: Beløp brukt | J84: Omsetning fra kampanje | L84: Omsetning fra oppsalg
B85: =$R$18 -> 0 | D85: =$X$18 -> 0 | F85: =$AC$18 -> 0 | H85: =$R$19 -> 0 | J85: =$X$19 -> 0 | L85: =$AC$19 -> 0
F86: =$AD$18 -> #DIV/0! | L86: =$AD$19 -> #DIV/0!
B87: Annonseavkastning | D87: Potensiell omsetning 2000 kr | F87: Antall oppsalg | H87: Annonseavkastning | J87: Potensiell omsetning 2000 kr | L87: Antall oppsalg
B88: =$W$18 -> #DIV/0! | D88: =$Y$18 -> 0 | F88: =COUNTIFS(US!$A:$A, ">=" & DATE(2025,1,1), US!$A:$A, "<=" & DATE(2025,1,31), US!$G:$G, "Ja") -> 0 | H88: =$W$19 -> #DIV/0! | J88: =$Y$19 -> 0 | L88: =COUNTIFS(US!A:A, ">=" & DATE(2025,2,1), US!A:A, "<=" & DATE(2025,2,28), US!G:G, "Ja") -> 0
B92: Mars 2025 | H92: April 2025
B94: Kostnad per henvendelse | D94: Antall henvendelser | F94: Bookingsrate US | H94: Kostnad per henvendelse | J94: Antall henvendelser | L94: Bookingsrate US
B95: =$U$20 -> #DIV/0! | D95: =$S$20 -> 0 | F95: =$Z$20 -> #DIV/0! | H95: =$U$21 -> #DIV/0! | J95: =$S$21 -> 0 | L95: =$Z$21 -> #DIV/0!
B97: Kostnad per pasient | D97: Antall nye pasienter | F97: Omsetning fra US | H97: Kostnad per pasient | J97: Antall nye pasienter | L97: Omsetning fra US
B98: =$V$20 -> #DIV/0! | D98: =$T$20 -> 0 | F98: =$AA$20 -> 0 | H98: =$V$21 -> #DIV/0! | J98: =$T$21 -> 0 | L98: =$AA$21 -> 0
B100: Beløp brukt | D100: Omsetning fra kampanje | F100: Omsetning fra oppsalg | H100: Beløp brukt | J100: Omsetning fra kampanje | L100: Omsetning fra oppsalg
B101: =$R$20 -> 0 | D101: =$X$20 -> 0 | F101: =$AC$20 -> 0 | H101: =$R$21 -> 0 | J101: =$X$21 -> 0 | L101: =$AC$21 -> 0
F102: =$AD$47 -> #VALUE! | L102: =$AD$21 -> #DIV/0!
B103: Annonseavkastning | D103: Potensiell omsetning 2000 kr | F103: Antall oppsalg | H103: Annonseavkastning | J103: Potensiell omsetning 2000 kr | L103: Antall oppsalg
B104: =$W$20 -> #DIV/0! | D104: =$Y$20 -> 0 | F104: =COUNTIFS(US!A:A, ">=" & DATE(2025,3,1), US!A:A, "<=" & DATE(2025,3,31), US!G:G, "Ja") -> 0 | H104: =$W$21 -> #DIV/0! | J104: =$Y$21 -> 0 | L104: =$AB$21 -> 0
B108: Mai 2025 | H108: Juni 2025
B110: Kostnad per henvendelse | D110: Antall henvendelser | F110: Bookingsrate US | H110: Kostnad per henvendelse | J110: Antall henvendelser | L110: Bookingsrate US
B111: =$U$22 -> #DIV/0! | D111: =$S$22 -> 0 | F111: =$Z$22 -> #DIV/0! | H111: =$U$23 -> #DIV/0! | J111: =$S$23 -> 0 | L111: =$Z$23 -> #DIV/0!
B113: Kostnad per pasient | D113: Antall nye pasienter | F113: Omsetning fra US | H113: Kostnad per pasient | J113: Antall nye pasienter | L113: Omsetning fra US
B114: =$V$22 -> #DIV/0! | D114: =$T$22 -> 0 | F114: =$AA$22 -> 0 | H114: =$V$23 -> #DIV/0! | J114: =$T$23 -> 0 | L114: =$AA$23 -> 0
B116: Beløp brukt | D116: Omsetning fra kampanje | F116: Omsetning fra oppsalg | H116: Beløp brukt | J116: Omsetning fra kampanje | L116: Omsetning fra oppsalg
B117: =$R$22 -> 0 | D117: =$X$22 -> 0 | F117: =$AC$22 -> 0 | H117: =$R$23 -> 0 | J117: =$X$23 -> 0 | L117: =$AC$23 -> 0
F118: =$AD$22 -> #DIV/0! | L118: =$AD$23 -> #DIV/0!
B119: Annonseavkastning | D119: Potensiell omsetning 2000 kr | F119: Antall oppsalg | H119: Annonseavkastning | J119: Potensiell omsetning 2000 kr | L119: Antall oppsalg
B120: =$W$22 -> #DIV/0! | D120: =$Y$22 -> 0 | F120: =$AB$22 -> 0 | H120: =$W$23 -> #DIV/0! | J120: =$Y$23 -> 0 | L120: =$AB$23 -> 0
B124: Juli 2025 | H124: 45870
B126: Kostnad per henvendelse | D126: Antall henvendelser | F126: Bookingsrate US | H126: Kostnad per henvendelse | J126: Antall henvendelser | L126: Bookingsrate US
B127: =$U$24 -> 0 | D127: =$S$24 -> 19 | F127: =$Z$24 -> 0.68421053 | H127: =$U$25 -> #DIV/0! | J127: =$S$25 -> 0 | L127: =$Z$25 -> #DIV/0!
B129: Kostnad per pasient | D129: Antall nye pasienter | F129: Omsetning fra US | H129: Kostnad per pasient | J129: Antall nye pasienter | L129: Omsetning fra US
B130: =$V$24 -> 0 | D130: =$T$24 -> 13 | F130: =$AA$24 -> 7670 | H130: =$V$25 -> #DIV/0! | J130: =$T$25 -> 0 | L130: =$AA$25 -> 0
B132: Beløp brukt | D132: Omsetning fra kampanje | F132: Omsetning fra oppsalg | H132: Beløp brukt | J132: Omsetning fra kampanje | L132: Omsetning fra oppsalg
B133: =$R$24 -> 0 | D133: =$X$24 -> 15140 | F133: =$AC$24 -> 7470 | H133: =$R$25 -> 0 | J133: =$X$25 -> 0 | L133: =$AC$25 -> 0
F134: =$AD$24 -> 0.15789474 | L134: =$AD$25 -> #DIV/0!
B135: Annonseavkastning | D135: Potensiell omsetning 2000 kr | F135: Antall oppsalg | H135: Annonseavkastning | J135: Potensiell omsetning 2000 kr | L135: Antall oppsalg
B136: =$W$24 -> #DIV/0! | D136: =$Y$24 -> 33470 | F136: =$AB$24 -> 3 | H136: =$W$25 -> #DIV/0! | J136: =$Y$25 -> 0 | L136: =$AB$25 -> 0
...

Sheet Totalt US 2025
B2: 2025 Kampanjeresultater - US 590 kr
B4: Kostnad per henvendelse | D4: Antall henvendelser | F4: Bookingsrate US
B5: =$U$30 -> #DIV/0! | D5: =$S$30 -> 0 | F5: =$Z$30 -> #DIV/0!
B7: Kostnad per pasient | D7: Antall nye pasienter | F7: Omsetning fra US
B8: =$V$30 -> #DIV/0! | D8: =$T$30 -> 0 | F8: =$AA$30 -> 0
B10: Beløp brukt | D10: Omsetning fra kampanje | F10: Omsetning fra oppsalg
B11: =$R$30 -> 6022 | D11: =$X$30 -> 0 | F11: =$AC$30 -> 0
F12: =$AD$30 -> #DIV/0!
B13: Annonseavkastning | D13: Potensiell omsetning 2000 kr | F13: Antall oppsalg
B14: =$W$30 -> 0 | D14: =$Y$30 -> 0 | F14: =$AB$30 -> 0
Q17: Måned | R17: Beløp brukt | S17: Antall henvendelser | T17: Antall pasienter | U17: Kostnad per henvendelse | V17: Kostnad per pasient | W17: ROAS | X17: Omsetning fra kampanje | Y17: Potensiell omsetning | Z17: US Bookingrate | AA17: Omsetning fra US | AB17: Antall oppsalg | AC17: Omsetning fra oppsalg | AD17: CVR Upsale | AE17: Meta Link Clicks | AF17: CVR Exam
Q18: Januar | R18: =R45+R61 -> 0 | S18: =COUNTIFS(US!$A:$A, ">=" & DATE(2025,1,1), US!$A:$A, "<=" & EOMONTH(DATE(2025,1,1), 0)) -> 0 | T18: =COUNTIFS(US!$A:$A, ">=" & DATE(2025,1,1), US!$A:$A, "<=" & EOMONTH(DATE(2025,1,1), 0), US!$H:$H, "Booket til time") -> 0 | U18: =R18/S18 -> #DIV/0! | V18: =R18/T18 -> #DIV/0! | W18: =Y18/R18 -> #DIV/0! | X18: =($S$32*T18)+AC18 -> 0 | Y18: =($S$33*T18)+AC18 -> 0 | Z18: =T18/S18 -> #DIV/0! | AA18: =T18*$S$32 -> 0 | AB18: =COUNTIFS(US!$A:$A, ">=" & DATE(2025,1,1), US!$A:$A, "<=" & EOMONTH(DATE(2025,1,1), 0), US!$G:$G, "Ja") -> 0 | AC18: =AB18*$S$34 -> 0 | AD18: =AB18/S18 -> #DIV/0! | AF18: =S18/AE18 -> #DIV/0!
Q19: Februar | R19: =R46+R62 -> 0 | S19: =COUNTIFS(US!$A:$A, ">=" & DATE(2025,2,1), US!$A:$A, "<=" & EOMONTH(DATE(2025,2,1), 0)) -> 0 | T19: =COUNTIFS(US!$A:$A, ">=" & DATE(2025,2,1), US!$A:$A, "<=" & EOMONTH(DATE(2025,2,1), 0), US!$H:$H, "Booket til time") -> 0 | U19: =R19/S19 -> #DIV/0! | V19: =R19/T19 -> #DIV/0! | W19: =Y19/R19 -> #DIV/0! | X19: =($S$32*T19)+AC19 -> 0 | Y19: =($S$33*T19)+AC19 -> 0 | Z19: =T19/S19 -> #DIV/0! | AA19: =T19*$S$32 -> 0 | AB19: =COUNTIFS(US!$A:$A, ">=" & DATE(2025,2,1), US!$A:$A, "<=" & EOMONTH(DATE(2025,2,1), 0), US!$G:$G, "Ja") -> 0 | AC19: =AB19*$S$34 -> 0 | AD19: =AB19/S19 -> #DIV/0! | AF19: =S19/AE19 -> #DIV/0!
Q20: Mars | R20: =R47+R63 -> 0 | S20: =COUNTIFS(US!$A:$A, ">=" & DATE(2025,3,1), US!$A:$A, "<=" & EOMONTH(DATE(2025,3,1), 0)) -> 0 | T20: =COUNTIFS(US!$A:$A, ">=" & DATE(2025,3,1), US!$A:$A, "<=" & EOMONTH(DATE(2025,3,1), 0), US!$H:$H, "Booket til time") -> 0 | U20: =R20/S20 -> #DIV/0! | V20: =R20/T20 -> #DIV/0! | W20: =Y20/R20 -> #DIV/0! | X20: =($S$32*T20)+AC20 -> 0 | Y20: =($S$33*T20)+AC20 -> 0 | Z20: =T20/S20 -> #DIV/0! | AA20: =T20*$S$32 -> 0 | AB20: =COUNTIFS(US!$A:$A, ">=" & DATE(2025,3,1), US!$A:$A, "<=" & EOMONTH(DATE(2025,3,1), 0), US!$G:$G, "Ja") -> 0 | AC20: =AB20*$S$34 -> 0 | AD20: =AB20/S20 -> #DIV/0! | AF20: =S20/AE20 -> #DIV/0!
Q21: April | R21: =R48+R64 -> 0 | S21: =COUNTIFS(US!$A:$A, ">=" & DATE(2025,4,1), US!$A:$A, "<=" & EOMONTH(DATE(2025,4,1), 0)) -> 0 | T21: =COUNTIFS(US!$A:$A, ">=" & DATE(2025,4,1), US!$A:$A, "<=" & EOMONTH(DATE(2025,4,1), 0), US!$H:$H, "Booket til time") -> 0 | U21: =R21/S21 -> #DIV/0! | V21: =R21/T21 -> #DIV/0! | W21: =Y21/R21 -> #DIV/0! | X21: =($S$32*T21)+AC21 -> 0 | Y21: =($S$33*T21)+AC21 -> 0 | Z21: =T21/S21 -> #DIV/0! | AA21: =T21*$S$32 -> 0 | AB21: =COUNTIFS(US!$A:$A, ">=" & DATE(2025,4,1), US!$A:$A, "<=" & EOMONTH(DATE(2025,4,1), 0), US!$G:$G, "Ja") -> 0 | AC21: =AB21*$S$34 -> 0 | AD21: =AB21/S21 -> #DIV/0! | AF21: =S21/AE21 -> #DIV/0!
Q22: Mai | R22: =R49+R65 -> 0 | S22: =COUNTIFS(US!$A:$A, ">=" & DATE(2025,5,1), US!$A:$A, "<=" & EOMONTH(DATE(2025,5,1), 0)) -> 0 | T22: =COUNTIFS(US!$A:$A, ">=" & DATE(2025,5,1), US!$A:$A, "<=" & EOMONTH(DATE(2025,5,1), 0), US!$H:$H, "Booket til time") -> 0 | U22: =R22/S22 -> #DIV/0! | V22: =R22/T22 -> #DIV/0! | W22: =Y22/R22 -> #DIV/0! | X22: =($S$32*T22)+AC22 -> 0 | Y22: =($S$33*T22)+AC22 -> 0 | Z22: =T22/S22 -> #DIV/0! | AA22: =T22*$S$32 -> 0 | AB22: =COUNTIFS(US!$A:$A, ">=" & DATE(2025,5,1), US!$A:$A, "<=" & EOMONTH(DATE(2025,5,1), 0), US!$G:$G, "Ja") -> 0 | AC22: =AB22*$S$34 -> 0 | AD22: =AB22/S22 -> #DIV/0! | AF22: =S22/AE22 -> #DIV/0!
Q23: Juni | R23: =R50+R66 -> 0 | S23: =COUNTIFS(US!$A:$A, ">=" & DATE(2025,6,1), US!$A:$A, "<=" & EOMONTH(DATE(2025,6,1), 0)) -> 0 | T23: =COUNTIFS(US!$A:$A, ">=" & DATE(2025,6,1), US!$A:$A, "<=" & EOMONTH(DATE(2025,6,1), 0), US!$H:$H, "Booket til time") -> 0 | U23: =R23/S23 -> #DIV/0! | V23: =R23/T23 -> #DIV/0! | W23: =Y23/R23 -> #DIV/0! | X23: =($S$32*T23)+AC23 -> 0 | Y23: =($S$33*T23)+AC23 -> 0 | Z23: =T23/S23 -> #DIV/0! | AA23: =T23*$S$32 -> 0 | AB23: =COUNTIFS(US!$A:$A, ">=" & DATE(2025,6,1), US!$A:$A, "<=" & EOMONTH(DATE(2025,6,1), 0), US!$G:$G, "Ja") -> 0 | AC23: =AB23*$S$34 -> 0 | AD23: =AB23/S23 -> #DIV/0! | AF23: =S23/AE23 -> #DIV/0!
Q24: Juli | R24: =R51+R67 -> 0 | S24: =COUNTIFS(US!$A:$A, ">=" & DATE(2025,7,1), US!$A:$A, "<=" & EOMONTH(DATE(2025,7,1), 0)) -> 0 | T24: =COUNTIFS(US!$A:$A, ">=" & DATE(2025,7,1), US!$A:$A, "<=" & EOMONTH(DATE(2025,7,1), 0), US!$H:$H, "Booket til time") -> 0 | U24: =R24/S24 -> #DIV/0! | V24: =R24/T24 -> #DIV/0! | W24: =Y24/R24 -> #DIV/0! | X24: =($S$32*T24)+AC24 -> 0 | Y24: =($S$33*T24)+AC24 -> 0 | Z24: =T24/S24 -> #DIV/0! | AA24: =T24*$S$32 -> 0 | AB24: =COUNTIFS(US!$A:$A, ">=" & DATE(2025,7,1), US!$A:$A, "<=" & EOMONTH(DATE(2025,7,1), 0), US!$G:$G, "Ja") -> 0 | AC24: =AB24*$S$34 -> 0 | AD24: =AB24/S24 -> #DIV/0! | AF24: =S24/AE24 -> #DIV/0!
Q25: August | R25: =R52+R68 -> 0 | S25: =COUNTIFS(US!$A:$A, ">=" & DATE(2025,8,1), US!$A:$A, "<=" & EOMONTH(DATE(2025,8,1), 0)) -> 0 | T25: =COUNTIFS(US!$A:$A, ">=" & DATE(2025,8,1), US!$A:$A, "<=" & EOMONTH(DATE(2025,8,1), 0), US!$H:$H, "Booket til time") -> 0 | U25: =R25/S25 -> #DIV/0! | V25: =R25/T25 -> #DIV/0! | W25: =Y25/R25 -> #DIV/0! | X25: =($S$32*T25)+AC25 -> 0 | Y25: =($S$33*T25)+AC25 -> 0 | Z25: =T25/S25 -> #DIV/0! | AA25: =T25*$S$32 -> 0 | AB25: =COUNTIFS(US!$A:$A, ">=" & DATE(2025,8,1), US!$A:$A, "<=" & EOMONTH(DATE(2025,8,1), 0), US!$G:$G, "Ja") -> 0 | AC25: =AB25*$S$34 -> 0 | AD25: =AB25/S25 -> #DIV/0! | AF25: =S25/AE25 -> #DIV/0!
Q26: September | R26: =R53+R69 -> 0 | S26: =COUNTIFS(US!$A:$A, ">=" & DATE(2025,9,1), US!$A:$A, "<=" & EOMONTH(DATE(2025,9,1), 0)) -> 0 | T26: =COUNTIFS(US!$A:$A, ">=" & DATE(2025,9,1), US!$A:$A, "<=" & EOMONTH(DATE(2025,9,1), 0), US!$H:$H, "Booket til time") -> 0 | U26: =R26/S26 -> #DIV/0! | V26: =R26/T26 -> #DIV/0! | W26: =Y26/R26 -> #DIV/0! | X26: =($S$32*T26)+AC26 -> 0 | Y26: =($S$33*T26)+AC26 -> 0 | Z26: =T26/S26 -> #DIV/0! | AA26: =T26*$S$32 -> 0 | AB26: =COUNTIFS(US!$A:$A, ">=" & DATE(2025,9,1), US!$A:$A, "<=" & EOMONTH(DATE(2025,9,1), 0), US!$G:$G, "Ja") -> 0 | AC26: =AB26*$S$34 -> 0 | AD26: =AB26/S26 -> #DIV/0! | AF26: =S26/AE26 -> #DIV/0!
Q27: Oktober | R27: =R54+R70 -> 6022 | S27: =COUNTIFS(US!$A:$A, ">=" & DATE(2025,10,1), US!$A:$A, "<=" & EOMONTH(DATE(2025,10,1), 0)) -> 0 | T27: =COUNTIFS(US!$A:$A, ">=" & DATE(2025,10,1), US!$A:$A, "<=" & EOMONTH(DATE(2025,10,1), 0), US!$H:$H, "Booket til time") -> 0 | U27: =R27/S27 -> #DIV/0! | V27: =R27/T27 -> #DIV/0! | W27: =Y27/R27 -> 0 | X27: =($S$32*T27)+AC27 -> 0 | Y27: =($S$33*T27)+AC27 -> 0 | Z27: =T27/S27 -> #DIV/0! | AA27: =T27*$S$32 -> 0 | AB27: =COUNTIFS(US!$A:$A, ">=" & DATE(2025,10,1), US!$A:$A, "<=" & EOMONTH(DATE(2025,10,1), 0), US!$G:$G, "Ja") -> 0 | AC27: =AB27*$S$34 -> 0 | AD27: =AB27/S27 -> #DIV/0! | AF27: =S27/AE27 -> #DIV/0!
Q28: November | R28: =R55+R71 -> 0 | S28: =COUNTIFS(US!$A:$A, ">=" & DATE(2025,11,1), US!$A:$A, "<=" & EOMONTH(DATE(2025,11,1), 0)) -> 0 | T28: =COUNTIFS(US!$A:$A, ">=" & DATE(2025,11,1), US!$A:$A, "<=" & EOMONTH(DATE(2025,11,1), 0), US!$H:$H, "Booket til time") -> 0 | U28: =R28/S28 -> #DIV/0! | V28: =R28/T28 -> #DIV/0! | W28: =Y28/R28 -> #DIV/0! | X28: =($S$32*T28)+AC28 -> 0 | Y28: =($S$33*T28)+AC28 -> 0 | Z28: =T28/S28 -> #DIV/0! | AA28: =T28*$S$32 -> 0 | AB28: =COUNTIFS(US!$A:$A, ">=" & DATE(2025,11,1), US!$A:$A, "<=" & EOMONTH(DATE(2025,11,1), 0), US!$G:$G, "Ja") -> 0 | AC28: =AB28*$S$34 -> 0 | AD28: =AB28/S28 -> #DIV/0! | AF28: =S28/AE28 -> #DIV/0!
Q29: Desember | R29: =R56+R72 -> 0 | S29: =COUNTIFS(US!$A:$A, ">=" & DATE(2025,12,1), US!$A:$A, "<=" & EOMONTH(DATE(2025,12,1), 0)) -> 0 | T29: =COUNTIFS(US!$A:$A, ">=" & DATE(2025,12,1), US!$A:$A, "<=" & EOMONTH(DATE(2025,12,1), 0), US!$H:$H, "Booket til time") -> 0 | U29: =R29/S29 -> #DIV/0! | V29: =R29/T29 -> #DIV/0! | W29: =Y29/R29 -> #DIV/0! | X29: =($S$32*T29)+AC29 -> 0 | Y29: =($S$33*T29)+AC29 -> 0 | Z29: =T29/S29 -> #DIV/0! | AA29: =T29*$S$32 -> 0 | AB29: =COUNTIFS(US!$A:$A, ">=" & DATE(2025,12,1), US!$A:$A, "<=" & EOMONTH(DATE(2025,12,1), 0), US!$G:$G, "Ja") -> 0 | AC29: =AB29*$S$34 -> 0 | AD29: =AB29/S29 -> #DIV/0! | AF29: =S29/AE29 -> #DIV/0!
Q30: Totalt | R30: =SUM(R18:R29) -> 6022 | S30: =SUM(S18:S29) -> 0 | T30: =SUM(T18:T29) -> 0 | U30: =R30/S30 -> #DIV/0! | V30: =R30/T30 -> #DIV/0! | W30: =Y30/R30 -> 0 | X30: =SUM(X18:X29) -> 0 | Y30: =SUM(Y18:Y29) -> 0 | Z30: =T30/S30 -> #DIV/0! | AA30: =SUM(AA18:AA29) -> 0 | AB30: =SUM(AB18:AB29) -> 0 | AC30: =SUM(AC18:AC29) -> 0 | AD30: =AB30/S30 -> #DIV/0! | AE30: =SUM(AE18:AE29) -> 0 | AF30: =S30/AE30 -> #DIV/0!
Q32: Omsetning | S32: 590 | U32: URL
Q33: Potensiell omsetning | S33: 2000 | U33: {=UNIQUE(US!Z:Z)} -> post url
Q34: Oppsalg tannbleking | S34: 2490 | X34: =COUNTIF(US!Z:Z,U34) -> 0
Q35: US Leads yesterday | S35: =COUNTIF(US!$A:$A, TODAY()-1) -> 0 | X35: =COUNTIF(US!Z:Z,U35) -> 0
Q36: US Leads today | S36: =COUNTIF(US!$A:$A, TODAY()) -> 0 | X36: =SUM(X34:X35) -> 0
Q37: US Leads this month | S37: =COUNTIFS(US!$A:$A, ">=" & EOMONTH(TODAY(), -1) + 1, US!$A:$A, "<=" & EOMONTH(TODAY(), 0)) -> 19
Q43: META
Q44: Måned | R44: Beløp brukt | S44: Antall henvendelser | T44: Antall pasienter | U44: Kostnad per henvendelse | V44: Kostnad per pasient | W44: ROAS | X44: Omsetning fra kampanje | Y44: Potensiell omsetning | Z44: US Bookingrate | AA44: Omsetning fra US | AB44: Antall oppsalg | AC44: Omsetning fra oppsalg | AD44: CVR Upsale | AE44: Meta Link Clicks | AF44: CVR Exam
Q45: Januar | R45: 0 | S45: =COUNTIFS(US!$A:$A, ">=" & DATE(YEAR(TODAY()),1,1), US!$A:$A, "<=" & EOMONTH(DATE(YEAR(TODAY()),1,1), 0)) -> 0 | T45: =COUNTIFS(US!$A:$A, ">=" & DATE(YEAR(TODAY()),1,1), US!$A:$A, "<=" & EOMONTH(DATE(YEAR(TODAY()),1,1), 0), US!$H:$H, "Booket til time") -> 0 | U45: =R45/S45 -> #DIV/0! | V45: =R45/T45 -> #DIV/0! | W45: =$B$88 -> #DIV/0! | X45: =($S$32*T45)+AC45 -> 0 | Y45: =($S$33*T45)+AC45 -> 0 | Z45: =$F$79 -> #DIV/0! | AA45: =T45*$S$32 -> 0 | AB45: =COUNTIFS(US!$A:$A, ">=" & DATE(YEAR(TODAY()),1,1), US!$A:$A, "<=" & EOMONTH(DATE(YEAR(TODAY()),1,1), 0), US!$G:$G, "Ja") -> 0 | AC45: =AB45*$S$34 -> 0 | AD45: =F115/D106 -> #DIV/0! | AE45: 0 | AF45: =S45/AE45 -> #DIV/0!
Q46: Februar | R46: 0 | S46: =COUNTIFS(US!$A:$A, ">=" & DATE(YEAR(TODAY()),2,1), US!$A:$A, "<=" & EOMONTH(DATE(YEAR(TODAY()),2,1), 0)) -> 0 | T46: =COUNTIFS(US!$A:$A, ">=" & DATE(YEAR(TODAY()),2,1), US!$A:$A, "<=" & EOMONTH(DATE(YEAR(TODAY()),2,1), 0), US!$H:$H, "Booket til time") -> 0 | U46: =R46/S46 -> #DIV/0! | V46: =R46/T46 -> #DIV/0! | W46: =$H$88 -> #DIV/0! | X46: =($S$32*T46)+AC46 -> 0 | Y46: =($S$33*T46)+AC46 -> 0 | Z46: =$L$79 -> #DIV/0! | AA46: =T46*$S$32 -> 0 | AB46: =COUNTIFS(US!$A:$A, ">=" & DATE(YEAR(TODAY()),2,1), US!$A:$A, "<=" & EOMONTH(DATE(YEAR(TODAY()),2,1), 0), US!$G:$G, "Ja") -> 0 | AC46: =AB46*$S$34 -> 0 | AD46: =L115/J106 -> #DIV/0! | AE46: 0 | AF46: =S46/AE46 -> #DIV/0!
Q47: Mars | R47: 0 | S47: =COUNTIFS(US!$A:$A, ">=" & DATE(YEAR(TODAY()),3,1), US!$A:$A, "<=" & EOMONTH(DATE(YEAR(TODAY()),3,1), 0)) -> 0 | T47: =COUNTIFS(US!$A:$A, ">=" & DATE(YEAR(TODAY()),3,1), US!$A:$A, "<=" & EOMONTH(DATE(YEAR(TODAY()),3,1), 0), US!$H:$H, "Booket til time") -> 0 | U47: =R47/S47 -> #DIV/0! | V47: =R47/T47 -> #DIV/0! | W47: =$B$104 -> #DIV/0! | X47: =($S$32*T47)+AC47 -> 0 | Y47: =($S$33*T47)+AC47 -> 0 | Z47: =$F$95 -> #DIV/0! | AA47: =T47*$S$32 -> 0 | AB47: =COUNTIFS(US!$A:$A, ">=" & DATE(YEAR(TODAY()),3,1), US!$A:$A, "<=" & EOMONTH(DATE(YEAR(TODAY()),3,1), 0), US!$G:$G, "Ja") -> 0 | AC47: =AB47*$S$34 -> 0 | AD47: =L116/J107 -> #VALUE! | AE47: 125 | AF47: =S47/AE47 -> 0
Q48: April | R48: 0 | S48: =COUNTIFS(US!$A:$A, ">=" & DATE(YEAR(TODAY()),4,1), US!$A:$A, "<=" & EOMONTH(DATE(YEAR(TODAY()),4,1), 0)) -> 0 | T48: =COUNTIFS(US!$A:$A, ">=" & DATE(YEAR(TODAY()),4,1), US!$A:$A, "<=" & EOMONTH(DATE(YEAR(TODAY()),4,1), 0), US!$H:$H, "Booket til time") -> 0 | U48: =R48/S48 -> #DIV/0! | V48: =R48/T48 -> #DIV/0! | W48: =$H$104 -> #DIV/0! | X48: =($S$32*T48)+AC48 -> 0 | Y48: =($S$33*T48)+AC48 -> 0 | Z48: =$L$95 -> #DIV/0! | AA48: =T48*$S$32 -> 0 | AB48: =COUNTIFS(US!$A:$A, ">=" & DATE(YEAR(TODAY()),4,1), US!$A:$A, "<=" & EOMONTH(DATE(YEAR(TODAY()),4,1), 0), US!$G:$G, "Ja") -> 0 | AC48: =AB48*$S$34 -> 0 | AD48: =AB48/S48 -> #DIV/0! | AF48: =S48/AE48 -> #DIV/0!
Q49: Mai | R49: 0 | S49: =COUNTIFS(US!$A:$A, ">=" & DATE(YEAR(TODAY()),5,1), US!$A:$A, "<=" & EOMONTH(DATE(YEAR(TODAY()),5,1), 0)) -> 0 | T49: =COUNTIFS(US!$A:$A, ">=" & DATE(YEAR(TODAY()),5,1), US!$A:$A, "<=" & EOMONTH(DATE(YEAR(TODAY()),5,1), 0), US!$H:$H, "Booket til time") -> 0 | U49: =R49/S49 -> #DIV/0! | V49: =R49/T49 -> #DIV/0! | W49: =$B$120 -> #DIV/0! | X49: =($S$32*T49)+AC49 -> 0 | Y49: =($S$33*T49)+AC49 -> 0 | Z49: =$F$111 -> #DIV/0! | AA49: =T49*$S$32 -> 0 | AB49: =COUNTIFS(US!$A:$A, ">=" & DATE(YEAR(TODAY()),5,1), US!$A:$A, "<=" & EOMONTH(DATE(YEAR(TODAY()),5,1), 0), US!$G:$G, "Ja") -> 0 | AC49: =AB49*$S$34 -> 0 | AD49: =AB49/S49 -> #DIV/0! | AF49: =S49/AE49 -> #DIV/0!
Q50: Juni | R50: 0 | S50: =COUNTIFS(US!$A:$A, ">=" & DATE(YEAR(TODAY()),6,1), US!$A:$A, "<=" & EOMONTH(DATE(YEAR(TODAY()),6,1), 0)) -> 0 | T50: =COUNTIFS(US!$A:$A, ">=" & DATE(YEAR(TODAY()),6,1), US!$A:$A, "<=" & EOMONTH(DATE(YEAR(TODAY()),6,1), 0), US!$H:$H, "Booket til time") -> 0 | U50: =R50/S50 -> #DIV/0! | V50: =R50/T50 -> #DIV/0! | W50: =$H$120 -> #DIV/0! | X50: =($S$32*T50)+AC50 -> 0 | Y50: =($S$33*T50)+AC50 -> 0 | Z50: =$L$111 -> #DIV/0! | AA50: =T50*$S$32 -> 0 | AB50: =COUNTIFS(US!$A:$A, ">=" & DATE(YEAR(TODAY()),6,1), US!$A:$A, "<=" & EOMONTH(DATE(YEAR(TODAY()),6,1), 0), US!$G:$G, "Ja") -> 0 | AC50: =AB50*$S$34 -> 0 | AD50: =AB50/S50 -> #DIV/0! | AF50: =S50/AE50 -> #DIV/0!
Q51: Juli | R51: 0 | S51: =COUNTIFS(US!$A:$A, ">=" & DATE(YEAR(TODAY()),7,1), US!$A:$A, "<=" & EOMONTH(DATE(YEAR(TODAY()),7,1), 0)) -> 19 | T51: =COUNTIFS(US!$A:$A, ">=" & DATE(YEAR(TODAY()),7,1), US!$A:$A, "<=" & EOMONTH(DATE(YEAR(TODAY()),7,1), 0), US!$H:$H, "Booket til time") -> 13 | U51: =R51/S51 -> 0 | V51: =R51/T51 -> 0 | W51: =$B$136 -> #DIV/0! | X51: =($S$32*T51)+AC51 -> 15140 | Y51: =($S$33*T51)+AC51 -> 33470 | Z51: =$F$127 -> #DIV/0! | AA51: =T51*$S$32 -> 7670 | AB51: =COUNTIFS(US!$A:$A, ">=" & DATE(YEAR(TODAY()),7,1), US!$A:$A, "<=" & EOMONTH(DATE(YEAR(TODAY()),7,1), 0), US!$G:$G, "Ja") -> 3 | AC51: =AB51*$S$34 -> 7470 | AD51: =AB51/S51 -> 0.15789474 | AF51: =S51/AE51 -> #DIV/0!
Q52: August | R52: 0 | S52: =COUNTIFS(US!$A:$A, ">=" & DATE(YEAR(TODAY()),8,1), US!$A:$A, "<=" & EOMONTH(DATE(YEAR(TODAY()),8,1), 0)) -> 0 | T52: =COUNTIFS(US!$A:$A, ">=" & DATE(YEAR(TODAY()),8,1), US!$A:$A, "<=" & EOMONTH(DATE(YEAR(TODAY()),8,1), 0), US!$H:$H, "Booket til time") -> 0 | U52: =R52/S52 -> #DIV/0! | V52: =R52/T52 -> #DIV/0! | W52: =$H$136 -> #DIV/0! | X52: =($S$32*T52)+AC52 -> 0 | Y52: =($S$33*T52)+AC52 -> 0 | Z52: =$L$127 -> #DIV/0! | AA52: =T52*$S$32 -> 0 | AB52: =COUNTIFS(US!$A:$A, ">=" & DATE(YEAR(TODAY()),8,1), US!$A:$A, "<=" & EOMONTH(DATE(YEAR(TODAY()),8,1), 0), US!$G:$G, "Ja") -> 0 | AC52: =AB52*$S$34 -> 0 | AD52: =AB52/S52 -> #DIV/0! | AF52: =S52/AE52 -> #DIV/0!
Q53: September | R53: 0 | S53: =COUNTIFS(US!$A:$A, ">=" & DATE(YEAR(TODAY()),9,1), US!$A:$A, "<=" & EOMONTH(DATE(YEAR(TODAY()),9,1), 0)) -> 0 | T53: =COUNTIFS(US!$A:$A, ">=" & DATE(YEAR(TODAY()),9,1), US!$A:$A, "<=" & EOMONTH(DATE(YEAR(TODAY()),9,1), 0), US!$H:$H, "Booket til time") -> 0 | U53: =R53/S53 -> #DIV/0! | V53: =R53/T53 -> #DIV/0! | W53: =$B$152 -> #DIV/0! | X53: =($S$32*T53)+AC53 -> 0 | Y53: =($S$33*T53)+AC53 -> 0 | Z53: =$F$143 -> #DIV/0! | AA53: =T53*$S$32 -> 0 | AB53: =COUNTIFS(US!$A:$A, ">=" & DATE(YEAR(TODAY()),9,1), US!$A:$A, "<=" & EOMONTH(DATE(YEAR(TODAY()),9,1), 0), US!$G:$G, "Ja") -> 0 | AC53: =AB53*$S$34 -> 0 | AD53: =AB53/S53 -> #DIV/0! | AF53: =S53/AE53 -> #DIV/0!
Q54: Oktober | R54: 6022 | S54: =COUNTIFS(US!$A:$A, ">=" & DATE(YEAR(TODAY()),10,1), US!$A:$A, "<=" & EOMONTH(DATE(YEAR(TODAY()),10,1), 0)) -> 0 | T54: =COUNTIFS(US!$A:$A, ">=" & DATE(YEAR(TODAY()),10,1), US!$A:$A, "<=" & EOMONTH(DATE(YEAR(TODAY()),10,1), 0), US!$H:$H, "Booket til time") -> 0 | U54: =R54/S54 -> #DIV/0! | V54: =R54/T54 -> #DIV/0! | W54: =$H$152 -> 0 | X54: =($S$32*T54)+AC54 -> 0 | Y54: =($S$33*T54)+AC54 -> 0 | Z54: =$L$143 -> #DIV/0! | AA54: =T54*$S$32 -> 0 | AB54: =COUNTIFS(US!$A:$A, ">=" & DATE(YEAR(TODAY()),10,1), US!$A:$A, "<=" & EOMONTH(DATE(YEAR(TODAY()),10,1), 0), US!$G:$G, "Ja") -> 0 | AC54: =AB54*$S$34 -> 0 | AD54: =AB54/S54 -> #DIV/0! | AF54: =S54/AE54 -> #DIV/0!
Q55: November | R55: 0 | S55: =COUNTIFS(US!$A:$A, ">=" & DATE(YEAR(TODAY()),11,1), US!$A:$A, "<=" & EOMONTH(DATE(YEAR(TODAY()),11,1), 0)) -> 0 | T55: =COUNTIFS(US!$A:$A, ">=" & DATE(YEAR(TODAY()),11,1), US!$A:$A, "<=" & EOMONTH(DATE(YEAR(TODAY()),11,1), 0), US!$H:$H, "Booket til time") -> 0 | U55: =R55/S55 -> #DIV/0! | V55: =R55/T55 -> #DIV/0! | W55: =$B$168 -> #DIV/0! | X55: =($S$32*T55)+AC55 -> 0 | Y55: =($S$33*T55)+AC55 -> 0 | Z55: =$F$159 -> #DIV/0! | AA55: =T55*$S$32 -> 0 | AB55: =COUNTIFS(US!$A:$A, ">=" & DATE(YEAR(TODAY()),11,1), US!$A:$A, "<=" & EOMONTH(DATE(YEAR(TODAY()),11,1), 0), US!$G:$G, "Ja") -> 0 | AC55: =AB55*$S$34 -> 0 | AD55: =AB55/S55 -> #DIV/0! | AF55: =S55/AE55 -> #DIV/0!
Q56: Desember | R56: 0 | S56: =COUNTIFS(US!$A:$A, ">=" & DATE(YEAR(TODAY()),12,1), US!$A:$A, "<=" & EOMONTH(DATE(YEAR(TODAY()),12,1), 0)) -> 0 | T56: =COUNTIFS(US!$A:$A, ">=" & DATE(YEAR(TODAY()),12,1), US!$A:$A, "<=" & EOMONTH(DATE(YEAR(TODAY()),12,1), 0), US!$H:$H, "Booket til time") -> 0 | U56: =R56/S56 -> #DIV/0! | V56: =R56/T56 -> #DIV/0! | W56: =$H$168 -> #DIV/0! | X56: =($S$32*T56)+AC56 -> 0 | Y56: =($S$33*T56)+AC56 -> 0 | Z56: =$L$159 -> #DIV/0! | AA56: =T56*$S$32 -> 0 | AB56: =COUNTIFS(US!$A:$A, ">=" & DATE(YEAR(TODAY()),12,1), US!$A:$A, "<=" & EOMONTH(DATE(YEAR(TODAY()),12,1), 0), US!$G:$G, "Ja") -> 0 | AC56: =AB56*$S$34 -> 0 | AD56: =AB56/S56 -> #DIV/0! | AF56: =S56/AE56 -> #DIV/0!
Q57: Totalt | R57: =SUM(R45:R56) -> 6022 | S57: =SUM(S45:S56) -> 19 | T57: =SUM(T45:T56) -> 13 | U57: =R57/S57 -> 316.94737 | V57: =R57/T57 -> 463.23077 | W57: =Y57/R57 -> 5.5579542 | X57: =SUM(X45:X56) -> 15140 | Y57: =SUM(Y45:Y56) -> 33470 | Z57: =T57/S57 -> 0.68421053 | AA57: =SUM(AA45:AA56) -> 7670 | AB57: =SUM(AB45:AB56) -> 3 | AC57: =SUM(AC45:AC56) -> 7470 | AD57: =AB57/S57 -> 0.15789474 | AE57: =SUM(AE45:AE56) -> 125 | AF57: =S57/AE57 -> 0.152
Q59: TIKTOK
Q60: Måned | R60: Beløp brukt | S60: Antall henvendelser | T60: Antall pasienter | U60: Kostnad per henvendelse | V60: Kostnad per pasient | W60: ROAS | X60: Omsetning fra kampanje | Y60: Potensiell omsetning | Z60: US Bookingrate | AA60: Omsetning fra US | AB60: Antall oppsalg | AC60: Omsetning fra oppsalg | AD60: CVR Upsale | AE60: Meta Link Clicks | AF60: CVR Exam
Q61: Januar | R61: 0 | S61: =COUNTIFS(US!$A:$A, ">=" & DATE(YEAR(TODAY()),1,1), US!$A:$A, "<=" & EOMONTH(DATE(YEAR(TODAY()),1,1), 0)) -> 0 | T61: =COUNTIFS(US!$A:$A, ">=" & DATE(YEAR(TODAY()),1,1), US!$A:$A, "<=" & EOMONTH(DATE(YEAR(TODAY()),1,1), 0), US!$H:$H, "Booket til time") -> 0 | U61: =R61/S61 -> #DIV/0! | V61: =R61/T61 -> #DIV/0! | W61: =$B$88 -> #DIV/0! | X61: =($S$32*T61)+AC61 -> 0 | Y61: =($S$33*T61)+AC61 -> 0 | Z61: =$F$79 -> #DIV/0! | AA61: =T61*$S$32 -> 0 | AB61: =COUNTIFS(US!$A:$A, ">=" & DATE(YEAR(TODAY()),1,1), US!$A:$A, "<=" & EOMONTH(DATE(YEAR(TODAY()),1,1), 0), US!$G:$G, "Ja") -> 0 | AC61: =AB61*$S$34 -> 0 | AD61: =F131/D122 -> #DIV/0! | AE61: 0 | AF61: =S61/AE61 -> #DIV/0!
Q62: Februar | R62: 0 | S62: =COUNTIFS(US!$A:$A, ">=" & DATE(YEAR(TODAY()),2,1), US!$A:$A, "<=" & EOMONTH(DATE(YEAR(TODAY()),2,1), 0)) -> 0 | T62: =COUNTIFS(US!$A:$A, ">=" & DATE(YEAR(TODAY()),2,1), US!$A:$A, "<=" & EOMONTH(DATE(YEAR(TODAY()),2,1), 0), US!$H:$H, "Booket til time") -> 0 | U62: =R62/S62 -> #DIV/0! | V62: =R62/T62 -> #DIV/0! | W62: =$H$88 -> #DIV/0! | X62: =($S$32*T62)+AC62 -> 0 | Y62: =($S$33*T62)+AC62 -> 0 | Z62: =$L$79 -> #DIV/0! | AA62: =T62*$S$32 -> 0 | AB62: =COUNTIFS(US!$A:$A, ">=" & DATE(YEAR(TODAY()),2,1), US!$A:$A, "<=" & EOMONTH(DATE(YEAR(TODAY()),2,1), 0), US!$G:$G, "Ja") -> 0 | AC62: =AB62*$S$34 -> 0 | AD62: =L131/J122 -> #DIV/0! | AE62: 0 | AF62: =S62/AE62 -> #DIV/0!
Q63: Mars | R63: 0 | S63: =COUNTIFS(US!$A:$A, ">=" & DATE(YEAR(TODAY()),3,1), US!$A:$A, "<=" & EOMONTH(DATE(YEAR(TODAY()),3,1), 0)) -> 0 | T63: =COUNTIFS(US!$A:$A, ">=" & DATE(YEAR(TODAY()),3,1), US!$A:$A, "<=" & EOMONTH(DATE(YEAR(TODAY()),3,1), 0), US!$H:$H, "Booket til time") -> 0 | U63: =R63/S63 -> #DIV/0! | V63: =R63/T63 -> #DIV/0! | W63: =$B$104 -> #DIV/0! | X63: =($S$32*T63)+AC63 -> 0 | Y63: =($S$33*T63)+AC63 -> 0 | Z63: =$F$95 -> #DIV/0! | AA63: =T63*$S$32 -> 0 | AB63: =COUNTIFS(US!$A:$A, ">=" & DATE(YEAR(TODAY()),3,1), US!$A:$A, "<=" & EOMONTH(DATE(YEAR(TODAY()),3,1), 0), US!$G:$G, "Ja") -> 0 | AC63: =AB63*$S$34 -> 0 | AD63: =L132/J123 -> #VALUE! | AE63: 123 | AF63: =S63/AE63 -> 0
Q64: April | R64: 0 | S64: =COUNTIFS(US!$A:$A, ">=" & DATE(YEAR(TODAY()),4,1), US!$A:$A, "<=" & EOMONTH(DATE(YEAR(TODAY()),4,1), 0)) -> 0 | T64: =COUNTIFS(US!$A:$A, ">=" & DATE(YEAR(TODAY()),4,1), US!$A:$A, "<=" & EOMONTH(DATE(YEAR(TODAY()),4,1), 0), US!$H:$H, "Booket til time") -> 0 | U64: =R64/S64 -> #DIV/0! | V64: =R64/T64 -> #DIV/0! | W64: =$H$104 -> #DIV/0! | X64: =($S$32*T64)+AC64 -> 0 | Y64: =($S$33*T64)+AC64 -> 0 | Z64: =$L$95 -> #DIV/0! | AA64: =T64*$S$32 -> 0 | AB64: =COUNTIFS(US!$A:$A, ">=" & DATE(YEAR(TODAY()),4,1), US!$A:$A, "<=" & EOMONTH(DATE(YEAR(TODAY()),4,1), 0), US!$G:$G, "Ja") -> 0 | AC64: =AB64*$S$34 -> 0 | AD64: =AB64/S64 -> #DIV/0! | AF64: =S64/AE64 -> #DIV/0!
Q65: Mai | R65: 0 | S65: =COUNTIFS(US!$A:$A, ">=" & DATE(YEAR(TODAY()),5,1), US!$A:$A, "<=" & EOMONTH(DATE(YEAR(TODAY()),5,1), 0)) -> 0 | T65: =COUNTIFS(US!$A:$A, ">=" & DATE(YEAR(TODAY()),5,1), US!$A:$A, "<=" & EOMONTH(DATE(YEAR(TODAY()),5,1), 0), US!$H:$H, "Booket til time") -> 0 | U65: =R65/S65 -> #DIV/0! | V65: =R65/T65 -> #DIV/0! | W65: =$B$120 -> #DIV/0! | X65: =($S$32*T65)+AC65 -> 0 | Y65: =($S$33*T65)+AC65 -> 0 | Z65: =$F$111 -> #DIV/0! | AA65: =T65*$S$32 -> 0 | AB65: =COUNTIFS(US!$A:$A, ">=" & DATE(YEAR(TODAY()),5,1), US!$A:$A, "<=" & EOMONTH(DATE(YEAR(TODAY()),5,1), 0), US!$G:$G, "Ja") -> 0 | AC65: =AB65*$S$34 -> 0 | AD65: =AB65/S65 -> #DIV/0! | AF65: =S65/AE65 -> #DIV/0!
Q66: Juni | R66: 0 | S66: =COUNTIFS(US!$A:$A, ">=" & DATE(YEAR(TODAY()),6,1), US!$A:$A, "<=" & EOMONTH(DATE(YEAR(TODAY()),6,1), 0)) -> 0 | T66: =COUNTIFS(US!$A:$A, ">=" & DATE(YEAR(TODAY()),6,1), US!$A:$A, "<=" & EOMONTH(DATE(YEAR(TODAY()),6,1), 0), US!$H:$H, "Booket til time") -> 0 | U66: =R66/S66 -> #DIV/0! | V66: =R66/T66 -> #DIV/0! | W66: =$H$120 -> #DIV/0! | X66: =($S$32*T66)+AC66 -> 0 | Y66: =($S$33*T66)+AC66 -> 0 | Z66: =$L$111 -> #DIV/0! | AA66: =T66*$S$32 -> 0 | AB66: =COUNTIFS(US!$A:$A, ">=" & DATE(YEAR(TODAY()),6,1), US!$A:$A, "<=" & EOMONTH(DATE(YEAR(TODAY()),6,1), 0), US!$G:$G, "Ja") -> 0 | AC66: =AB66*$S$34 -> 0 | AD66: =AB66/S66 -> #DIV/0! | AF66: =S66/AE66 -> #DIV/0!
Q67: Juli | R67: 0 | S67: =COUNTIFS(US!$A:$A, ">=" & DATE(YEAR(TODAY()),7,1), US!$A:$A, "<=" & EOMONTH(DATE(YEAR(TODAY()),7,1), 0)) -> 19 | T67: =COUNTIFS(US!$A:$A, ">=" & DATE(YEAR(TODAY()),7,1), US!$A:$A, "<=" & EOMONTH(DATE(YEAR(TODAY()),7,1), 0), US!$H:$H, "Booket til time") -> 13 | U67: =R67/S67 -> 0 | V67: =R67/T67 -> 0 | W67: =$B$136 -> #DIV/0! | X67: =($S$32*T67)+AC67 -> 15140 | Y67: =($S$33*T67)+AC67 -> 33470 | Z67: =$F$127 -> #DIV/0! | AA67: =T67*$S$32 -> 7670 | AB67: =COUNTIFS(US!$A:$A, ">=" & DATE(YEAR(TODAY()),7,1), US!$A:$A, "<=" & EOMONTH(DATE(YEAR(TODAY()),7,1), 0), US!$G:$G, "Ja") -> 3 | AC67: =AB67*$S$34 -> 7470 | AD67: =AB67/S67 -> 0.15789474 | AF67: =S67/AE67 -> #DIV/0!
Q68: August | R68: 0 | S68: =COUNTIFS(US!$A:$A, ">=" & DATE(YEAR(TODAY()),8,1), US!$A:$A, "<=" & EOMONTH(DATE(YEAR(TODAY()),8,1), 0)) -> 0 | T68: =COUNTIFS(US!$A:$A, ">=" & DATE(YEAR(TODAY()),8,1), US!$A:$A, "<=" & EOMONTH(DATE(YEAR(TODAY()),8,1), 0), US!$H:$H, "Booket til time") -> 0 | U68: =R68/S68 -> #DIV/0! | V68: =R68/T68 -> #DIV/0! | W68: =$H$136 -> #DIV/0! | X68: =($S$32*T68)+AC68 -> 0 | Y68: =($S$33*T68)+AC68 -> 0 | Z68: =$L$127 -> #DIV/0! | AA68: =T68*$S$32 -> 0 | AB68: =COUNTIFS(US!$A:$A, ">=" & DATE(YEAR(TODAY()),8,1), US!$A:$A, "<=" & EOMONTH(DATE(YEAR(TODAY()),8,1), 0), US!$G:$G, "Ja") -> 0 | AC68: =AB68*$S$34 -> 0 | AD68: =AB68/S68 -> #DIV/0! | AF68: =S68/AE68 -> #DIV/0!
Q69: September | R69: 0 | S69: =COUNTIFS(US!$A:$A, ">=" & DATE(YEAR(TODAY()),9,1), US!$A:$A, "<=" & EOMONTH(DATE(YEAR(TODAY()),9,1), 0)) -> 0 | T69: =COUNTIFS(US!$A:$A, ">=" & DATE(YEAR(TODAY()),9,1), US!$A:$A, "<=" & EOMONTH(DATE(YEAR(TODAY()),9,1), 0), US!$H:$H, "Booket til time") -> 0 | U69: =R69/S69 -> #DIV/0! | V69: =R69/T69 -> #DIV/0! | W69: =$B$152 -> #DIV/0! | X69: =($S$32*T69)+AC69 -> 0 | Y69: =($S$33*T69)+AC69 -> 0 | Z69: =$F$143 -> #DIV/0! | AA69: =T69*$S$32 -> 0 | AB69: =COUNTIFS(US!$A:$A, ">=" & DATE(YEAR(TODAY()),9,1), US!$A:$A, "<=" & EOMONTH(DATE(YEAR(TODAY()),9,1), 0), US!$G:$G, "Ja") -> 0 | AC69: =AB69*$S$34 -> 0 | AD69: =AB69/S69 -> #DIV/0! | AF69: =S69/AE69 -> #DIV/0!
Q70: Oktober | R70: 0 | S70: =COUNTIFS(US!$A:$A, ">=" & DATE(YEAR(TODAY()),10,1), US!$A:$A, "<=" & EOMONTH(DATE(YEAR(TODAY()),10,1), 0)) -> 0 | T70: =COUNTIFS(US!$A:$A, ">=" & DATE(YEAR(TODAY()),10,1), US!$A:$A, "<=" & EOMONTH(DATE(YEAR(TODAY()),10,1), 0), US!$H:$H, "Booket til time") -> 0 | U70: =R70/S70 -> #DIV/0! | V70: =R70/T70 -> #DIV/0! | W70: =$H$152 -> 0 | X70: =($S$32*T70)+AC70 -> 0 | Y70: =($S$33*T70)+AC70 -> 0 | Z70: =$L$143 -> #DIV/0! | AA70: =T70*$S$32 -> 0 | AB70: =COUNTIFS(US!$A:$A, ">=" & DATE(YEAR(TODAY()),10,1), US!$A:$A, "<=" & EOMONTH(DATE(YEAR(TODAY()),10,1), 0), US!$G:$G, "Ja") -> 0 | AC70: =AB70*$S$34 -> 0 | AD70: =AB70/S70 -> #DIV/0! | AF70: =S70/AE70 -> #DIV/0!
Q71: November | R71: 0 | S71: =COUNTIFS(US!$A:$A, ">=" & DATE(YEAR(TODAY()),11,1), US!$A:$A, "<=" & EOMONTH(DATE(YEAR(TODAY()),11,1), 0)) -> 0 | T71: =COUNTIFS(US!$A:$A, ">=" & DATE(YEAR(TODAY()),11,1), US!$A:$A, "<=" & EOMONTH(DATE(YEAR(TODAY()),11,1), 0), US!$H:$H, "Booket til time") -> 0 | U71: =R71/S71 -> #DIV/0! | V71: =R71/T71 -> #DIV/0! | W71: =$B$168 -> #DIV/0! | X71: =($S$32*T71)+AC71 -> 0 | Y71: =($S$33*T71)+AC71 -> 0 | Z71: =$F$159 -> #DIV/0! | AA71: =T71*$S$32 -> 0 | AB71: =COUNTIFS(US!$A:$A, ">=" & DATE(YEAR(TODAY()),11,1), US!$A:$A, "<=" & EOMONTH(DATE(YEAR(TODAY()),11,1), 0), US!$G:$G, "Ja") -> 0 | AC71: =AB71*$S$34 -> 0 | AD71: =AB71/S71 -> #DIV/0! | AF71: =S71/AE71 -> #DIV/0!
Q72: Desember | R72: 0 | S72: =COUNTIFS(US!$A:$A, ">=" & DATE(YEAR(TODAY()),12,1), US!$A:$A, "<=" & EOMONTH(DATE(YEAR(TODAY()),12,1), 0)) -> 0 | T72: =COUNTIFS(US!$A:$A, ">=" & DATE(YEAR(TODAY()),12,1), US!$A:$A, "<=" & EOMONTH(DATE(YEAR(TODAY()),12,1), 0), US!$H:$H, "Booket til time") -> 0 | U72: =R72/S72 -> #DIV/0! | V72: =R72/T72 -> #DIV/0! | W72: =$H$168 -> #DIV/0! | X72: =($S$32*T72)+AC72 -> 0 | Y72: =($S$33*T72)+AC72 -> 0 | Z72: =$L$159 -> #DIV/0! | AA72: =T72*$S$32 -> 0 | AB72: =COUNTIFS(US!$A:$A, ">=" & DATE(YEAR(TODAY()),12,1), US!$A:$A, "<=" & EOMONTH(DATE(YEAR(TODAY()),12,1), 0), US!$G:$G, "Ja") -> 0 | AC72: =AB72*$S$34 -> 0 | AD72: =AB72/S72 -> #DIV/0! | AF72: =S72/AE72 -> #DIV/0!
Q73: Totalt | R73: =SUM(R61:R72) -> 0 | S73: =SUM(S61:S72) -> 19 | T73: =SUM(T61:T72) -> 13 | U73: =R73/S73 -> 0 | V73: =R73/T73 -> 0 | W73: =Y73/R73 -> #DIV/0! | X73: =SUM(X61:X72) -> 15140 | Y73: =SUM(Y61:Y72) -> 33470 | Z73: =T73/S73 -> 0.68421053 | AA73: =SUM(AA61:AA72) -> 7670 | AB73: =SUM(AB61:AB72) -> 3 | AC73: =SUM(AC61:AC72) -> 7470 | AD73: =AB73/S73 -> 0.15789474 | AE73: =SUM(AE61:AE72) -> 123 | AF73: =S73/AE73 -> 0.15447154
B76: Januar 2025 | H76: Februar 2025
B78: Kostnad per henvendelse | D78: Antall henvendelser | F78: Bookingsrate US | H78: Kostnad per henvendelse | J78: Antall henvendelser | L78: Bookingsrate US
B79: =$U$18 -> #DIV/0! | D79: =$S$18 -> 0 | F79: =$Z$18 -> #DIV/0! | H79: =$U$19 -> #DIV/0! | J79: =$S$19 -> 0 | L79: =$Z$19 -> #DIV/0!
B81: Kostnad per pasient | D81: Antall nye pasienter | F81: Omsetning fra US | H81: Kostnad per pasient | J81: Antall nye pasienter | L81: Omsetning fra US
B82: =$V$18 -> #DIV/0! | D82: =$T$18 -> 0 | F82: =$AA$18 -> 0 | H82: =$V$19 -> #DIV/0! | J82: =$T$19 -> 0 | L82: =$AA$19 -> 0
B84: Beløp brukt | D84: Omsetning fra kampanje | F84: Omsetning fra oppsalg | H84: Beløp brukt | J84: Omsetning fra kampanje | L84: Omsetning fra oppsalg
B85: =$R$18 -> 0 | D85: =$X$18 -> 0 | F85: =$AC$18 -> 0 | H85: =$R$19 -> 0 | J85: =$X$19 -> 0 | L85: =$AC$19 -> 0
F86: =$AD$18 -> #DIV/0! | L86: =$AD$19 -> #DIV/0!
B87: Annonseavkastning | D87: Potensiell omsetning 2000 kr | F87: Antall oppsalg | H87: Annonseavkastning | J87: Potensiell omsetning 2000 kr | L87: Antall oppsalg
B88: =$W$18 -> #DIV/0! | D88: =$Y$18 -> 0 | F88: =COUNTIFS(US!$A:$A, ">=" & DATE(2025,1,1), US!$A:$A, "<=" & DATE(2025,1,31), US!$G:$G, "Ja") -> 0 | H88: =$W$19 -> #DIV/0! | J88: =$Y$19 -> 0 | L88: =COUNTIFS(US!A:A, ">=" & DATE(2025,2,1), US!A:A, "<=" & DATE(2025,2,28), US!G:G, "Ja") -> 0
B92: Mars 2025 | H92: April 2025
B94: Kostnad per henvendelse | D94: Antall henvendelser | F94: Bookingsrate US | H94: Kostnad per henvendelse | J94: Antall henvendelser | L94: Bookingsrate US
B95: =$U$20 -> #DIV/0! | D95: =$S$20 -> 0 | F95: =$Z$20 -> #DIV/0! | H95: =$U$21 -> #DIV/0! | J95: =$S$21 -> 0 | L95: =$Z$21 -> #DIV/0!
B97: Kostnad per pasient | D97: Antall nye pasienter | F97: Omsetning fra US | H97: Kostnad per pasient | J97: Antall nye pasienter | L97: Omsetning fra US
B98: =$V$20 -> #DIV/0! | D98: =$T$20 -> 0 | F98: =$AA$20 -> 0 | H98: =$V$21 -> #DIV/0! | J98: =$T$21 -> 0 | L98: =$AA$21 -> 0
B100: Beløp brukt | D100: Omsetning fra kampanje | F100: Omsetning fra oppsalg | H100: Beløp brukt | J100: Omsetning fra kampanje | L100: Omsetning fra oppsalg
B101: =$R$20 -> 0 | D101: =$X$20 -> 0 | F101: =$AC$20 -> 0 | H101: =$R$21 -> 0 | J101: =$X$21 -> 0 | L101: =$AC$21 -> 0
F102: =$AD$47 -> #VALUE! | L102: =$AD$21 -> #DIV/0!
B103: Annonseavkastning | D103: Potensiell omsetning 2000 kr | F103: Antall oppsalg | H103: Annonseavkastning | J103: Potensiell omsetning 2000 kr | L103: Antall oppsalg
B104: =$W$20 -> #DIV/0! | D104: =$Y$20 -> 0 | F104: =COUNTIFS(US!A:A, ">=" & DATE(2025,3,1), US!A:A, "<=" & DATE(2025,3,31), US!G:G, "Ja") -> 0 | H104: =$W$21 -> #DIV/0! | J104: =$Y$21 -> 0 | L104: =$AB$21 -> 0
B108: Mai 2025 | H108: Juni 2025
B110: Kostnad per henvendelse | D110: Antall henvendelser | F110: Bookingsrate US | H110: Kostnad per henvendelse | J110: Antall henvendelser | L110: Bookingsrate US
B111: =$U$22 -> #DIV/0! | D111: =$S$22 -> 0 | F111: =$Z$22 -> #DIV/0! | H111: =$U$23 -> #DIV/0! | J111: =$S$23 -> 0 | L111: =$Z$23 -> #DIV/0!
B113: Kostnad per pasient | D113: Antall nye pasienter | F113: Omsetning fra US | H113: Kostnad per pasient | J113: Antall nye pasienter | L113: Omsetning fra US
B114: =$V$22 -> #DIV/0! | D114: =$T$22 -> 0 | F114: =$AA$22 -> 0 | H114: =$V$23 -> #DIV/0! | J114: =$T$23 -> 0 | L114: =$AA$23 -> 0
B116: Beløp brukt | D116: Omsetning fra kampanje | F116: Omsetning fra oppsalg | H116: Beløp brukt | J116: Omsetning fra kampanje | L116: Omsetning fra oppsalg
B117: =$R$22 -> 0 | D117: =$X$22 -> 0 | F117: =$AC$22 -> 0 | H117: =$R$23 -> 0 | J117: =$X$23 -> 0 | L117: =$AC$23 -> 0
F118: =$AD$22 -> #DIV/0! | L118: =$AD$23 -> #DIV/0!
B119: Annonseavkastning | D119: Potensiell omsetning 2000 kr | F119: Antall oppsalg | H119: Annonseavkastning | J119: Potensiell omsetning 2000 kr | L119: Antall oppsalg
B120: =$W$22 -> #DIV/0! | D120: =$Y$22 -> 0 | F120: =$AB$22 -> 0 | H120: =$W$23 -> #DIV/0! | J120: =$Y$23 -> 0 | L120: =$AB$23 -> 0
B124: Juli 2025 | H124: 45870
B126: Kostnad per henvendelse | D126: Antall henvendelser | F126: Bookingsrate US | H126: Kostnad per henvendelse | J126: Antall henvendelser | L126: Bookingsrate US
B127: =$U$24 -> #DIV/0! | D127: =$S$24 -> 0 | F127: =$Z$24 -> #DIV/0! | H127: =$U$25 -> #DIV/0! | J127: =$S$25 -> 0 | L127: =$Z$25 -> #DIV/0!
B129: Kostnad per pasient | D129: Antall nye pasienter | F129: Omsetning fra US | H129: Kostnad per pasient | J129: Antall nye pasienter | L129: Omsetning fra US
B130: =$V$24 -> #DIV/0! | D130: =$T$24 -> 0 | F130: =$AA$24 -> 0 | H130: =$V$25 -> #DIV/0! | J130: =$T$25 -> 0 | L130: =$AA$25 -> 0
B132: Beløp brukt | D132: Omsetning fra kampanje | F132: Omsetning fra oppsalg | H132: Beløp brukt | J132: Omsetning fra kampanje | L132: Omsetning fra oppsalg
B133: =$R$24 -> 0 | D133: =$X$24 -> 0 | F133: =$AC$24 -> 0 | H133: =$R$25 -> 0 | J133: =$X$25 -> 0 | L133: =$AC$25 -> 0
F134: =$AD$24 -> #DIV/0! | L134: =$AD$25 -> #DIV/0!
B135: Annonseavkastning | D135: Potensiell omsetning 2000 kr | F135: Antall oppsalg | H135: Annonseavkastning | J135: Potensiell omsetning 2000 kr | L135: Antall oppsalg
B136: =$W$24 -> #DIV/0! | D136: =$Y$24 -> 0 | F136: =$AB$24 -> 0 | H136: =$W$25 -> #DIV/0! | J136: =$Y$25 -> 0 | L136: =$AB$25 -> 0
...

Sheet Input
A1: Total annonsespend
A2: 0 | B2: Oppdateres hver dag kl. 07:00
A5: Måned | B5: Beløp brukt | C5: Antall henvendelser | D5: Antall pasienter | E5: Kostnad per henvendelse | F5: Kostnad per pasient | G5: ROAS
A6: November | J6: Booket til time
A7: Desember | J7: Ikke fått kontakt
A8: Januar | J8: Ikke interessert
A9: Februar
A10: Mars
A11: April
A12: Mai
A13: Juni
A14: August
A15: September
A16: Oktober
A17: Januar
